metric,n_applicable,n_pos,n_neg,prevalence,auroc,ci_lo,ci_hi,auprc,tie_rate,threshold,precision,recall,fa,coverage,delta_vs_bar,delta_ci_lo,delta_ci_hi,delong_p,testable
judge_local_qwen14b_orig,14,8,6,0.5714,0.6875,0.5,0.875,0.7115,0.625,0.5,,0.0,0.0,1.0,,,,,False
sc5_local_eq_frac,138,98,40,0.7101,0.6777,0.5168238557558946,0.8041398704290459,0.792,0.4911,0.5,0.7928,0.898,0.575,1.0,0.1093,-0.0595,0.248,0.100882,False
sc5_local_entropy,138,98,40,0.7101,0.6445,0.4574916465378422,0.7822125873272214,0.7738,0.2176,0.5,0.76,0.3878,0.3,1.0,0.0761,-0.1146,0.2321,0.324417,False
judge_local_qwen8b_orig,138,98,40,0.7101,0.632,0.4951326666503013,0.7589404181442079,0.7721,0.3263,0.5,0.5,0.0102,0.025,1.0,0.0636,-0.0622,0.1764,0.236973,False
pilot_rerun_jacc,137,98,39,0.7153,0.6306,0.4474739458072791,0.7715573709076908,0.7951,0.0042,0.5,0.7333,0.1122,0.1026,1.0,0.0622,-0.1316,0.2387,0.495287,False
S4_local_noLLMjudge_oof_RAB,138,98,40,0.7101,0.6013,0.3846842339617569,0.7545686258068611,0.7325,0.0,0.8167,0.7273,0.2449,0.225,1.0,0.0329,-0.1822,0.1979,0.665775,False
S4_local_plus_B2_oof_RAB,138,98,40,0.7101,0.5753,0.3716423889924942,0.7325140056022408,0.7311,0.0,0.8044,0.65,0.2653,0.35,1.0,0.0069,-0.1652,0.1396,0.900424,False
judge_local_qwen8b_disg,138,98,40,0.7101,0.5684,0.44525978184066417,0.6797074527204888,0.7311,0.3209,0.5,0.6667,0.0408,0.05,1.0,,,,,False
S4_local_oof_RAB,138,98,40,0.7101,0.5653,0.36339656309685553,0.7256234084290946,0.7258,0.0,0.8039,0.625,0.2551,0.375,1.0,-0.0031,-0.1851,0.134,0.956641,False
S4_local_oof_ALLTIERS,138,98,40,0.7101,0.5635,0.3593931907718446,0.7241343252927445,0.7292,0.0,0.8372,0.6667,0.2245,0.275,1.0,-0.0048,-0.1803,0.1338,0.931064,False
rt_embed_cos_local,138,98,40,0.7101,0.5614,0.40095553751803753,0.6949293747599374,0.7149,0.0003,0.3201,0.4286,0.0306,0.1,1.0,-0.007,-0.172,0.1283,0.919406,False
S4_local_iter1set_oof_RAB,138,98,40,0.7101,0.5444,0.3581122594078876,0.6951450071075354,0.7135,0.0,0.8012,0.6471,0.2245,0.3,1.0,-0.024,-0.1934,0.1162,0.667789,False
rt_nli_bwd_local,138,98,40,0.7101,0.5295,0.37044545659019346,0.6620733032787601,0.7049,0.0003,0.9552,0.3333,0.0204,0.1,1.0,-0.0389,-0.1838,0.0776,0.543885,False
b2_mismatch_det,138,98,40,0.7101,0.5244,0.38929069864491855,0.6535570662037401,0.717,0.1186,0.8,0.6923,0.1837,0.2,1.0,-0.044,-0.2041,0.1103,0.558432,False
b2_score,138,98,40,0.7101,0.5228,0.38703253907946156,0.6523443942175937,0.7178,0.1258,0.75,0.6667,0.1633,0.2,1.0,-0.0455,-0.2069,0.1098,0.545486,False
pilot_shape_incons,138,98,40,0.7101,0.5204,0.5,0.5468783386752136,0.722,0.9592,0.0,1.0,0.0408,0.0,1.0,-0.048,-0.1594,0.0715,0.369204,False
judge_local_qwen14b_disg,14,8,6,0.5714,0.5104,0.14495833333333336,0.85,0.5737,0.2708,0.5,0.5,0.125,0.1667,1.0,,,,,False
b2_undet_share,138,98,40,0.7101,0.5043,0.3946570079644761,0.6203755341880342,0.7142,0.3286,0.5,1.0,0.0102,0.0,1.0,-0.064,-0.2085,0.1072,0.350654,False
parse_fail,138,98,40,0.7101,0.5,0.5,0.5,0.7101,1.0,0.5,,0.0,0.0,1.0,-0.0684,-0.1797,0.0547,0.195646,False
pilot_joint_conflict,138,98,40,0.7101,0.5,0.5,0.5,0.7101,1.0,0.5,,0.0,0.0,1.0,-0.0684,-0.1797,0.0547,0.195646,False
pilot_arity_incons,138,98,40,0.7101,0.5,0.5,0.5,0.7101,1.0,0.0,,0.0,0.0,1.0,-0.0684,-0.1797,0.0547,0.195646,False
rt_nli_min_alt_local,138,98,40,0.7101,0.4983,0.3731126559538599,0.6213878333475333,0.7037,0.0003,0.9949,0.7,0.1429,0.15,1.0,-0.07,-0.2169,0.0779,0.279351,False
S4_local_noLLMjudge_flag,138,98,40,0.7101,0.4923,0.38569060419866874,0.5794544850870456,0.7071,0.6327,0.5,0.697,0.2347,0.25,1.0,-0.076,-0.2269,0.0692,0.275415,False
S4_local_plus_B2_flag,138,98,40,0.7101,0.4702,0.35803669750130623,0.559669241402611,0.6986,0.5821,0.5,0.6667,0.2653,0.325,1.0,-0.0982,-0.2126,0.0151,0.035852,False
S4_local_iter1set_flag,138,98,40,0.7101,0.4673,0.37177156381486676,0.5450918928186432,0.6977,0.6061,0.5,0.6571,0.2347,0.3,1.0,-0.101,-0.1982,-0.0024,0.013608,False
S4_local_flag,138,98,40,0.7101,0.4526,0.34281202287327517,0.5398652403734214,0.6925,0.5735,0.5,0.641,0.2551,0.35,1.0,-0.1158,-0.2341,-0.0059,0.011632,False
pilot_dangling,138,98,40,0.7101,0.4415,0.37543193595022867,0.5185910581634265,0.6855,0.6018,0.5,0.7132,0.9898,0.975,1.0,-0.1269,-0.2585,0.0308,0.056442,False
rt_nli_contra_local,138,98,40,0.7101,0.407,0.26113318021921905,0.5493372479549059,0.6939,0.0003,0.0268,0.5897,0.2347,0.4,1.0,-0.1614,-0.3172,-0.0054,0.01817,False
judge_local_llama8b_disg,138,98,40,0.7101,0.386,0.2707939189189189,0.49478320802005,0.6625,0.001,0.5,0.6786,0.7755,0.9,1.0,-0.1824,-0.3295,-0.0296,0.006722,False
rt_nli_min_local,138,98,40,0.7101,0.3813,0.26630326470764254,0.49484549559334656,0.6565,0.0003,0.9841,0.5455,0.0612,0.125,1.0,-0.1871,-0.329,-0.0453,0.00219,False
judge_local_llama8b_orig,138,98,40,0.7101,0.3742,0.26369878390307755,0.5088246597387011,0.6606,0.0,0.5,0.5806,0.1837,0.325,1.0,-0.1941,-0.3473,-0.0103,0.004997,False
rt_nli_fwd_local,138,98,40,0.7101,0.3721,0.2629656229320551,0.48359236512702797,0.6675,0.0003,0.3337,0.6381,0.6837,0.95,1.0,-0.1963,-0.3431,-0.0463,0.001197,False
