variant,op_label,polarity,base_source,n,n_na,n_insufficient,e_excl_insufficient,e,e_lo,e_hi,recall_gt05,recall_eq1,recall_gt0,n_base_endorsed,recall_given_base_endorsed,n_base_not_endorsed,recall_given_base_not_endorsed
SIGPROXY_K3,ADD_FOREIGN,ALL,RCOMP,154,46,0,0.0,0.0,0.0,0.0,1.0,1.0,1.0,132,1.0,22,1.0
SIGPROXY_K3,ADD_FOREIGN,ALL,ALL,154,407,0,0.0,0.0,0.0,0.0,1.0,1.0,1.0,132,1.0,22,1.0
SIGPROXY_K3,ADD_FOREIGN,DOWN,RCOMP,77,23,0,0.0,0.0,0.0,0.0,1.0,1.0,1.0,66,1.0,11,1.0
SIGPROXY_K3,ADD_FOREIGN,DOWN,ALL,77,203,0,0.0,0.0,0.0,0.0,1.0,1.0,1.0,66,1.0,11,1.0
SIGPROXY_K3,ADD_FOREIGN,UP,RCOMP,77,23,0,0.0,0.0,0.0,0.0,1.0,1.0,1.0,66,1.0,11,1.0
SIGPROXY_K3,ADD_FOREIGN,UP,ALL,77,204,0,0.0,0.0,0.0,0.0,1.0,1.0,1.0,66,1.0,11,1.0
SIGPROXY_K3,ADD_INTERNAL,ALL,RCOMP,68,17,0,0.0,0.0,0.0,0.0,1.0,1.0,1.0,59,1.0,9,1.0
SIGPROXY_K3,ADD_INTERNAL,ALL,ALL,68,132,0,0.0,0.0,0.0,0.0,1.0,1.0,1.0,59,1.0,9,1.0
SIGPROXY_K3,ADD_INTERNAL,UP,RCOMP,68,17,0,0.0,0.0,0.0,0.0,1.0,1.0,1.0,59,1.0,9,1.0
SIGPROXY_K3,ADD_INTERNAL,UP,ALL,68,72,0,0.0,0.0,0.0,0.0,1.0,1.0,1.0,59,1.0,9,1.0
SIGPROXY_K3,MEANING_RENAME,ALL,RCOMP,133,43,0,0.0,0.0,0.0,0.0,1.0,1.0,1.0,112,1.0,21,1.0
SIGPROXY_K3,MEANING_RENAME,ALL,ALL,133,365,0,0.0,0.0,0.0,0.0,1.0,1.0,1.0,112,1.0,21,1.0
SIGPROXY_K3,MEANING_RENAME,DOWN,RCOMP,71,22,0,0.0,0.0,0.0,0.0,1.0,1.0,1.0,60,1.0,11,1.0
SIGPROXY_K3,MEANING_RENAME,DOWN,ALL,71,193,0,0.0,0.0,0.0,0.0,1.0,1.0,1.0,60,1.0,11,1.0
SIGPROXY_K3,MEANING_RENAME,UP,RCOMP,62,21,0,0.0,0.0,0.0,0.0,1.0,1.0,1.0,52,1.0,10,1.0
SIGPROXY_K3,MEANING_RENAME,UP,ALL,62,172,0,0.0,0.0,0.0,0.0,1.0,1.0,1.0,52,1.0,10,1.0
SIGPROXY_K3,DROP,ALL,RCOMP,77,23,0,0.0,0.0,0.0,0.0,1.0,1.0,1.0,66,1.0,11,1.0
SIGPROXY_K3,DROP,ALL,ALL,77,215,0,0.0,0.0,0.0,0.0,1.0,1.0,1.0,66,1.0,11,1.0
SIGPROXY_K3,DROP,DOWN,RCOMP,77,23,0,0.0,0.0,0.0,0.0,1.0,1.0,1.0,66,1.0,11,1.0
SIGPROXY_K3,DROP,DOWN,ALL,77,164,0,0.0,0.0,0.0,0.0,1.0,1.0,1.0,66,1.0,11,1.0
SIGPROXY_K3,SWAP,ALL,RCOMP,97,25,0,0.0,0.0,0.0,0.0,1.0,0.99,1.0,86,1.0,11,1.0
SIGPROXY_K3,SWAP,ALL,ALL,97,145,0,0.0,0.0,0.0,0.0,1.0,0.99,1.0,86,1.0,11,1.0
SIGPROXY_K3,SWAP,DOWN,RCOMP,55,14,0,0.0,0.0,0.0,0.0,1.0,1.0,1.0,48,1.0,7,1.0
SIGPROXY_K3,SWAP,DOWN,ALL,55,79,0,0.0,0.0,0.0,0.0,1.0,1.0,1.0,48,1.0,7,1.0
SIGPROXY_K3,SWAP,UP,RCOMP,42,11,0,0.0,0.0,0.0,0.0,1.0,0.976,1.0,38,1.0,4,1.0
SIGPROXY_K3,SWAP,UP,ALL,42,66,0,0.0,0.0,0.0,0.0,1.0,0.976,1.0,38,1.0,4,1.0
SIGPROXY_K3,NEG,ALL,RCOMP,154,46,0,0.0,0.0,0.0,0.0,1.0,1.0,1.0,132,1.0,22,1.0
SIGPROXY_K3,NEG,ALL,ALL,154,429,0,0.0,0.0,0.0,0.0,1.0,1.0,1.0,132,1.0,22,1.0
SIGPROXY_K3,NEG,DOWN,RCOMP,77,23,0,0.0,0.0,0.0,0.0,1.0,1.0,1.0,66,1.0,11,1.0
SIGPROXY_K3,NEG,DOWN,ALL,77,206,0,0.0,0.0,0.0,0.0,1.0,1.0,1.0,66,1.0,11,1.0
SIGPROXY_K3,NEG,UP,RCOMP,77,23,0,0.0,0.0,0.0,0.0,1.0,1.0,1.0,66,1.0,11,1.0
SIGPROXY_K3,NEG,UP,ALL,77,223,0,0.0,0.0,0.0,0.0,1.0,1.0,1.0,66,1.0,11,1.0
SIGPROXY_K3,REV,ALL,RCOMP,77,23,0,0.0,0.0,0.0,0.0,1.0,1.0,1.0,66,1.0,11,1.0
SIGPROXY_K3,REV,ALL,ALL,77,204,0,0.0,0.0,0.0,0.0,1.0,1.0,1.0,66,1.0,11,1.0
SIGPROXY_K3,REV,UP,RCOMP,77,23,0,0.0,0.0,0.0,0.0,1.0,1.0,1.0,66,1.0,11,1.0
SIGPROXY_K3,REV,UP,ALL,77,204,0,0.0,0.0,0.0,0.0,1.0,1.0,1.0,66,1.0,11,1.0
SIGPROXY_K3,QUANT,ALL,RCOMP,77,23,0,0.0,0.0,0.0,0.0,1.0,1.0,1.0,66,1.0,11,1.0
SIGPROXY_K3,QUANT,ALL,ALL,77,204,0,0.0,0.0,0.0,0.0,1.0,1.0,1.0,66,1.0,11,1.0
SIGPROXY_K3,QUANT,UP,RCOMP,77,23,0,0.0,0.0,0.0,0.0,1.0,1.0,1.0,66,1.0,11,1.0
SIGPROXY_K3,QUANT,UP,ALL,77,204,0,0.0,0.0,0.0,0.0,1.0,1.0,1.0,66,1.0,11,1.0
SIGPROXY_K3,RESTR,ALL,RCOMP,77,23,0,0.0,0.0,0.0,0.0,1.0,1.0,1.0,66,1.0,11,1.0
SIGPROXY_K3,RESTR,ALL,ALL,77,202,0,0.0,0.0,0.0,0.0,1.0,1.0,1.0,66,1.0,11,1.0
SIGPROXY_K3,RESTR,UP,RCOMP,77,23,0,0.0,0.0,0.0,0.0,1.0,1.0,1.0,66,1.0,11,1.0
SIGPROXY_K3,RESTR,UP,ALL,77,202,0,0.0,0.0,0.0,0.0,1.0,1.0,1.0,66,1.0,11,1.0
SIGPROXY_K3,CONN,ALL,RCOMP,154,46,0,0.0,0.0,0.0,0.0,1.0,1.0,1.0,132,1.0,22,1.0
SIGPROXY_K3,CONN,ALL,ALL,154,376,0,0.0,0.0,0.0,0.0,1.0,1.0,1.0,132,1.0,22,1.0
SIGPROXY_K3,CONN,DOWN,RCOMP,77,23,0,0.0,0.0,0.0,0.0,1.0,1.0,1.0,66,1.0,11,1.0
SIGPROXY_K3,CONN,DOWN,ALL,77,164,0,0.0,0.0,0.0,0.0,1.0,1.0,1.0,66,1.0,11,1.0
SIGPROXY_K3,CONN,UP,RCOMP,77,23,0,0.0,0.0,0.0,0.0,1.0,1.0,1.0,66,1.0,11,1.0
SIGPROXY_K3,CONN,UP,ALL,77,212,0,0.0,0.0,0.0,0.0,1.0,1.0,1.0,66,1.0,11,1.0
SIGPROXY_K3,BIND,ALL,RCOMP,128,35,0,0.0,0.0,0.0,0.0,1.0,1.0,1.0,113,1.0,15,1.0
SIGPROXY_K3,BIND,ALL,ALL,128,353,0,0.0,0.0,0.0,0.0,1.0,1.0,1.0,113,1.0,15,1.0
SIGPROXY_K3,BIND,DOWN,RCOMP,65,20,0,0.0,0.0,0.0,0.0,1.0,1.0,1.0,56,1.0,9,1.0
SIGPROXY_K3,BIND,DOWN,ALL,65,185,0,0.0,0.0,0.0,0.0,1.0,1.0,1.0,56,1.0,9,1.0
SIGPROXY_K3,BIND,UP,RCOMP,63,15,0,0.0,0.0,0.0,0.0,1.0,1.0,1.0,57,1.0,6,1.0
SIGPROXY_K3,BIND,UP,ALL,63,168,0,0.0,0.0,0.0,0.0,1.0,1.0,1.0,57,1.0,6,1.0
SIGPROXY_K3,ALL_MUTANTS,ALL,RCOMP,1196,350,0,0.0,0.0,0.0,0.0,1.0,0.999,1.0,1030,1.0,166,1.0
SIGPROXY_K3,ALL_MUTANTS,ALL,ALL,1196,3038,0,0.0,0.0,0.0,0.0,1.0,0.999,1.0,1030,1.0,166,1.0
SIGPROXY_K3,ALL_MUTANTS,DOWN,RCOMP,499,148,0,0.0,0.0,0.0,0.0,1.0,1.0,1.0,428,1.0,71,1.0
SIGPROXY_K3,ALL_MUTANTS,DOWN,ALL,499,1254,0,0.0,0.0,0.0,0.0,1.0,1.0,1.0,428,1.0,71,1.0
SIGPROXY_K3,ALL_MUTANTS,UP,RCOMP,697,202,0,0.0,0.0,0.0,0.0,1.0,0.999,1.0,602,1.0,95,1.0
SIGPROXY_K3,ALL_MUTANTS,UP,ALL,697,1784,0,0.0,0.0,0.0,0.0,1.0,0.999,1.0,602,1.0,95,1.0
SIGPROXY_K4,ADD_FOREIGN,ALL,RCOMP,154,46,0,0.0,0.0,0.0,0.0,1.0,1.0,1.0,138,1.0,16,1.0
SIGPROXY_K4,ADD_FOREIGN,ALL,ALL,154,407,0,0.0,0.0,0.0,0.0,1.0,1.0,1.0,138,1.0,16,1.0
SIGPROXY_K4,ADD_FOREIGN,DOWN,RCOMP,77,23,0,0.0,0.0,0.0,0.0,1.0,1.0,1.0,69,1.0,8,1.0
SIGPROXY_K4,ADD_FOREIGN,DOWN,ALL,77,203,0,0.0,0.0,0.0,0.0,1.0,1.0,1.0,69,1.0,8,1.0
SIGPROXY_K4,ADD_FOREIGN,UP,RCOMP,77,23,0,0.0,0.0,0.0,0.0,1.0,1.0,1.0,69,1.0,8,1.0
SIGPROXY_K4,ADD_FOREIGN,UP,ALL,77,204,0,0.0,0.0,0.0,0.0,1.0,1.0,1.0,69,1.0,8,1.0
SIGPROXY_K4,ADD_INTERNAL,ALL,RCOMP,68,17,0,0.0,0.0,0.0,0.0,1.0,1.0,1.0,62,1.0,6,1.0
SIGPROXY_K4,ADD_INTERNAL,ALL,ALL,68,132,0,0.0,0.0,0.0,0.0,1.0,1.0,1.0,62,1.0,6,1.0
SIGPROXY_K4,ADD_INTERNAL,UP,RCOMP,68,17,0,0.0,0.0,0.0,0.0,1.0,1.0,1.0,62,1.0,6,1.0
SIGPROXY_K4,ADD_INTERNAL,UP,ALL,68,72,0,0.0,0.0,0.0,0.0,1.0,1.0,1.0,62,1.0,6,1.0
SIGPROXY_K4,MEANING_RENAME,ALL,RCOMP,133,43,0,0.0,0.0,0.0,0.0,1.0,1.0,1.0,117,1.0,16,1.0
SIGPROXY_K4,MEANING_RENAME,ALL,ALL,133,365,0,0.0,0.0,0.0,0.0,1.0,1.0,1.0,117,1.0,16,1.0
SIGPROXY_K4,MEANING_RENAME,DOWN,RCOMP,71,22,0,0.0,0.0,0.0,0.0,1.0,1.0,1.0,63,1.0,8,1.0
SIGPROXY_K4,MEANING_RENAME,DOWN,ALL,71,193,0,0.0,0.0,0.0,0.0,1.0,1.0,1.0,63,1.0,8,1.0
SIGPROXY_K4,MEANING_RENAME,UP,RCOMP,62,21,0,0.0,0.0,0.0,0.0,1.0,1.0,1.0,54,1.0,8,1.0
SIGPROXY_K4,MEANING_RENAME,UP,ALL,62,172,0,0.0,0.0,0.0,0.0,1.0,1.0,1.0,54,1.0,8,1.0
SIGPROXY_K4,DROP,ALL,RCOMP,77,23,0,0.0,0.0,0.0,0.0,1.0,1.0,1.0,69,1.0,8,1.0
SIGPROXY_K4,DROP,ALL,ALL,77,215,0,0.0,0.0,0.0,0.0,1.0,1.0,1.0,69,1.0,8,1.0
SIGPROXY_K4,DROP,DOWN,RCOMP,77,23,0,0.0,0.0,0.0,0.0,1.0,1.0,1.0,69,1.0,8,1.0
SIGPROXY_K4,DROP,DOWN,ALL,77,164,0,0.0,0.0,0.0,0.0,1.0,1.0,1.0,69,1.0,8,1.0
SIGPROXY_K4,SWAP,ALL,RCOMP,97,25,0,0.01,0.01,0.0,0.033,0.99,0.99,1.0,90,1.0,7,0.857
SIGPROXY_K4,SWAP,ALL,ALL,97,145,0,0.01,0.01,0.0,0.033,0.99,0.99,1.0,90,1.0,7,0.857
SIGPROXY_K4,SWAP,DOWN,RCOMP,55,14,0,0.0,0.0,0.0,0.0,1.0,1.0,1.0,50,1.0,5,1.0
SIGPROXY_K4,SWAP,DOWN,ALL,55,79,0,0.0,0.0,0.0,0.0,1.0,1.0,1.0,50,1.0,5,1.0
SIGPROXY_K4,SWAP,UP,RCOMP,42,11,0,0.024,0.024,0.0,0.071,0.976,0.976,1.0,40,1.0,2,0.5
SIGPROXY_K4,SWAP,UP,ALL,42,66,0,0.024,0.024,0.0,0.071,0.976,0.976,1.0,40,1.0,2,0.5
SIGPROXY_K4,NEG,ALL,RCOMP,154,46,0,0.0,0.0,0.0,0.0,1.0,1.0,1.0,138,1.0,16,1.0
SIGPROXY_K4,NEG,ALL,ALL,154,429,0,0.0,0.0,0.0,0.0,1.0,1.0,1.0,138,1.0,16,1.0
SIGPROXY_K4,NEG,DOWN,RCOMP,77,23,0,0.0,0.0,0.0,0.0,1.0,1.0,1.0,69,1.0,8,1.0
SIGPROXY_K4,NEG,DOWN,ALL,77,206,0,0.0,0.0,0.0,0.0,1.0,1.0,1.0,69,1.0,8,1.0
SIGPROXY_K4,NEG,UP,RCOMP,77,23,0,0.0,0.0,0.0,0.0,1.0,1.0,1.0,69,1.0,8,1.0
SIGPROXY_K4,NEG,UP,ALL,77,223,0,0.0,0.0,0.0,0.0,1.0,1.0,1.0,69,1.0,8,1.0
SIGPROXY_K4,REV,ALL,RCOMP,77,23,0,0.0,0.0,0.0,0.0,1.0,1.0,1.0,69,1.0,8,1.0
SIGPROXY_K4,REV,ALL,ALL,77,204,0,0.0,0.0,0.0,0.0,1.0,1.0,1.0,69,1.0,8,1.0
SIGPROXY_K4,REV,UP,RCOMP,77,23,0,0.0,0.0,0.0,0.0,1.0,1.0,1.0,69,1.0,8,1.0
SIGPROXY_K4,REV,UP,ALL,77,204,0,0.0,0.0,0.0,0.0,1.0,1.0,1.0,69,1.0,8,1.0
SIGPROXY_K4,QUANT,ALL,RCOMP,77,23,0,0.0,0.0,0.0,0.0,1.0,1.0,1.0,69,1.0,8,1.0
SIGPROXY_K4,QUANT,ALL,ALL,77,204,0,0.0,0.0,0.0,0.0,1.0,1.0,1.0,69,1.0,8,1.0
SIGPROXY_K4,QUANT,UP,RCOMP,77,23,0,0.0,0.0,0.0,0.0,1.0,1.0,1.0,69,1.0,8,1.0
SIGPROXY_K4,QUANT,UP,ALL,77,204,0,0.0,0.0,0.0,0.0,1.0,1.0,1.0,69,1.0,8,1.0
SIGPROXY_K4,RESTR,ALL,RCOMP,77,23,0,0.0,0.0,0.0,0.0,1.0,1.0,1.0,69,1.0,8,1.0
SIGPROXY_K4,RESTR,ALL,ALL,77,202,0,0.0,0.0,0.0,0.0,1.0,1.0,1.0,69,1.0,8,1.0
SIGPROXY_K4,RESTR,UP,RCOMP,77,23,0,0.0,0.0,0.0,0.0,1.0,1.0,1.0,69,1.0,8,1.0
SIGPROXY_K4,RESTR,UP,ALL,77,202,0,0.0,0.0,0.0,0.0,1.0,1.0,1.0,69,1.0,8,1.0
SIGPROXY_K4,CONN,ALL,RCOMP,154,46,0,0.0,0.0,0.0,0.0,1.0,1.0,1.0,138,1.0,16,1.0
SIGPROXY_K4,CONN,ALL,ALL,154,376,0,0.0,0.0,0.0,0.0,1.0,1.0,1.0,138,1.0,16,1.0
SIGPROXY_K4,CONN,DOWN,RCOMP,77,23,0,0.0,0.0,0.0,0.0,1.0,1.0,1.0,69,1.0,8,1.0
SIGPROXY_K4,CONN,DOWN,ALL,77,164,0,0.0,0.0,0.0,0.0,1.0,1.0,1.0,69,1.0,8,1.0
SIGPROXY_K4,CONN,UP,RCOMP,77,23,0,0.0,0.0,0.0,0.0,1.0,1.0,1.0,69,1.0,8,1.0
SIGPROXY_K4,CONN,UP,ALL,77,212,0,0.0,0.0,0.0,0.0,1.0,1.0,1.0,69,1.0,8,1.0
SIGPROXY_K4,BIND,ALL,RCOMP,128,35,0,0.0,0.0,0.0,0.0,1.0,1.0,1.0,117,1.0,11,1.0
SIGPROXY_K4,BIND,ALL,ALL,128,353,0,0.0,0.0,0.0,0.0,1.0,1.0,1.0,117,1.0,11,1.0
SIGPROXY_K4,BIND,DOWN,RCOMP,65,20,0,0.0,0.0,0.0,0.0,1.0,1.0,1.0,58,1.0,7,1.0
SIGPROXY_K4,BIND,DOWN,ALL,65,185,0,0.0,0.0,0.0,0.0,1.0,1.0,1.0,58,1.0,7,1.0
SIGPROXY_K4,BIND,UP,RCOMP,63,15,0,0.0,0.0,0.0,0.0,1.0,1.0,1.0,59,1.0,4,1.0
SIGPROXY_K4,BIND,UP,ALL,63,168,0,0.0,0.0,0.0,0.0,1.0,1.0,1.0,59,1.0,4,1.0
SIGPROXY_K4,ALL_MUTANTS,ALL,RCOMP,1196,350,0,0.001,0.001,0.0,0.003,0.999,0.999,1.0,1076,1.0,120,0.992
SIGPROXY_K4,ALL_MUTANTS,ALL,ALL,1196,3038,0,0.001,0.001,0.0,0.003,0.999,0.999,1.0,1076,1.0,120,0.992
SIGPROXY_K4,ALL_MUTANTS,DOWN,RCOMP,499,148,0,0.0,0.0,0.0,0.0,1.0,1.0,1.0,447,1.0,52,1.0
SIGPROXY_K4,ALL_MUTANTS,DOWN,ALL,499,1254,0,0.0,0.0,0.0,0.0,1.0,1.0,1.0,447,1.0,52,1.0
SIGPROXY_K4,ALL_MUTANTS,UP,RCOMP,697,202,0,0.001,0.001,0.0,0.004,0.999,0.999,1.0,629,1.0,68,0.985
SIGPROXY_K4,ALL_MUTANTS,UP,ALL,697,1784,0,0.001,0.001,0.0,0.004,0.999,0.999,1.0,629,1.0,68,0.985
SIGPROXY_graded,ADD_FOREIGN,ALL,RCOMP,154,46,0,0.299,0.299,0.24,0.351,0.701,0.688,1.0,140,0.671,14,1.0
SIGPROXY_graded,ADD_FOREIGN,ALL,ALL,154,407,0,0.299,0.299,0.24,0.351,0.701,0.688,1.0,140,0.671,14,1.0
SIGPROXY_graded,ADD_FOREIGN,DOWN,RCOMP,77,23,0,0.0,0.0,0.0,0.0,1.0,1.0,1.0,70,1.0,7,1.0
SIGPROXY_graded,ADD_FOREIGN,DOWN,ALL,77,203,0,0.0,0.0,0.0,0.0,1.0,1.0,1.0,70,1.0,7,1.0
SIGPROXY_graded,ADD_FOREIGN,UP,RCOMP,77,23,0,0.597,0.597,0.481,0.701,0.403,0.377,1.0,70,0.343,7,1.0
SIGPROXY_graded,ADD_FOREIGN,UP,ALL,77,204,0,0.597,0.597,0.481,0.701,0.403,0.377,1.0,70,0.343,7,1.0
SIGPROXY_graded,ADD_INTERNAL,ALL,RCOMP,68,17,0,0.897,0.897,0.824,0.956,0.103,0.074,1.0,63,0.032,5,1.0
SIGPROXY_graded,ADD_INTERNAL,ALL,ALL,68,132,0,0.897,0.897,0.824,0.956,0.103,0.074,1.0,63,0.032,5,1.0
SIGPROXY_graded,ADD_INTERNAL,UP,RCOMP,68,17,0,0.897,0.897,0.824,0.956,0.103,0.074,1.0,63,0.032,5,1.0
SIGPROXY_graded,ADD_INTERNAL,UP,ALL,68,72,0,0.897,0.897,0.824,0.956,0.103,0.074,1.0,63,0.032,5,1.0
SIGPROXY_graded,MEANING_RENAME,ALL,RCOMP,133,43,0,0.0,0.0,0.0,0.0,1.0,1.0,1.0,119,1.0,14,1.0
SIGPROXY_graded,MEANING_RENAME,ALL,ALL,133,365,0,0.0,0.0,0.0,0.0,1.0,1.0,1.0,119,1.0,14,1.0
SIGPROXY_graded,MEANING_RENAME,DOWN,RCOMP,71,22,0,0.0,0.0,0.0,0.0,1.0,1.0,1.0,64,1.0,7,1.0
SIGPROXY_graded,MEANING_RENAME,DOWN,ALL,71,193,0,0.0,0.0,0.0,0.0,1.0,1.0,1.0,64,1.0,7,1.0
SIGPROXY_graded,MEANING_RENAME,UP,RCOMP,62,21,0,0.0,0.0,0.0,0.0,1.0,1.0,1.0,55,1.0,7,1.0
SIGPROXY_graded,MEANING_RENAME,UP,ALL,62,172,0,0.0,0.0,0.0,0.0,1.0,1.0,1.0,55,1.0,7,1.0
SIGPROXY_graded,DROP,ALL,RCOMP,77,23,0,0.013,0.013,0.0,0.039,0.987,0.987,1.0,70,0.986,7,1.0
SIGPROXY_graded,DROP,ALL,ALL,77,215,0,0.013,0.013,0.0,0.039,0.987,0.987,1.0,70,0.986,7,1.0
SIGPROXY_graded,DROP,DOWN,RCOMP,77,23,0,0.013,0.013,0.0,0.039,0.987,0.987,1.0,70,0.986,7,1.0
SIGPROXY_graded,DROP,DOWN,ALL,77,164,0,0.013,0.013,0.0,0.039,0.987,0.987,1.0,70,0.986,7,1.0
SIGPROXY_graded,SWAP,ALL,RCOMP,97,25,0,0.0,0.0,0.0,0.0,1.0,1.0,1.0,91,1.0,6,1.0
SIGPROXY_graded,SWAP,ALL,ALL,97,145,0,0.0,0.0,0.0,0.0,1.0,1.0,1.0,91,1.0,6,1.0
SIGPROXY_graded,SWAP,DOWN,RCOMP,55,14,0,0.0,0.0,0.0,0.0,1.0,1.0,1.0,50,1.0,5,1.0
SIGPROXY_graded,SWAP,DOWN,ALL,55,79,0,0.0,0.0,0.0,0.0,1.0,1.0,1.0,50,1.0,5,1.0
SIGPROXY_graded,SWAP,UP,RCOMP,42,11,0,0.0,0.0,0.0,0.0,1.0,1.0,1.0,41,1.0,1,1.0
SIGPROXY_graded,SWAP,UP,ALL,42,66,0,0.0,0.0,0.0,0.0,1.0,1.0,1.0,41,1.0,1,1.0
SIGPROXY_graded,NEG,ALL,RCOMP,154,46,0,0.0,0.0,0.0,0.0,1.0,1.0,1.0,140,1.0,14,1.0
SIGPROXY_graded,NEG,ALL,ALL,154,429,0,0.0,0.0,0.0,0.0,1.0,1.0,1.0,140,1.0,14,1.0
SIGPROXY_graded,NEG,DOWN,RCOMP,77,23,0,0.0,0.0,0.0,0.0,1.0,1.0,1.0,70,1.0,7,1.0
SIGPROXY_graded,NEG,DOWN,ALL,77,206,0,0.0,0.0,0.0,0.0,1.0,1.0,1.0,70,1.0,7,1.0
SIGPROXY_graded,NEG,UP,RCOMP,77,23,0,0.0,0.0,0.0,0.0,1.0,1.0,1.0,70,1.0,7,1.0
SIGPROXY_graded,NEG,UP,ALL,77,223,0,0.0,0.0,0.0,0.0,1.0,1.0,1.0,70,1.0,7,1.0
SIGPROXY_graded,REV,ALL,RCOMP,77,23,0,0.0,0.0,0.0,0.0,1.0,1.0,1.0,70,1.0,7,1.0
SIGPROXY_graded,REV,ALL,ALL,77,204,0,0.0,0.0,0.0,0.0,1.0,1.0,1.0,70,1.0,7,1.0
SIGPROXY_graded,REV,UP,RCOMP,77,23,0,0.0,0.0,0.0,0.0,1.0,1.0,1.0,70,1.0,7,1.0
SIGPROXY_graded,REV,UP,ALL,77,204,0,0.0,0.0,0.0,0.0,1.0,1.0,1.0,70,1.0,7,1.0
SIGPROXY_graded,QUANT,ALL,RCOMP,77,23,0,0.0,0.0,0.0,0.0,1.0,1.0,1.0,70,1.0,7,1.0
SIGPROXY_graded,QUANT,ALL,ALL,77,204,0,0.0,0.0,0.0,0.0,1.0,1.0,1.0,70,1.0,7,1.0
SIGPROXY_graded,QUANT,UP,RCOMP,77,23,0,0.0,0.0,0.0,0.0,1.0,1.0,1.0,70,1.0,7,1.0
SIGPROXY_graded,QUANT,UP,ALL,77,204,0,0.0,0.0,0.0,0.0,1.0,1.0,1.0,70,1.0,7,1.0
SIGPROXY_graded,RESTR,ALL,RCOMP,77,23,0,0.0,0.0,0.0,0.0,1.0,1.0,1.0,70,1.0,7,1.0
SIGPROXY_graded,RESTR,ALL,ALL,77,202,0,0.0,0.0,0.0,0.0,1.0,1.0,1.0,70,1.0,7,1.0
SIGPROXY_graded,RESTR,UP,RCOMP,77,23,0,0.0,0.0,0.0,0.0,1.0,1.0,1.0,70,1.0,7,1.0
SIGPROXY_graded,RESTR,UP,ALL,77,202,0,0.0,0.0,0.0,0.0,1.0,1.0,1.0,70,1.0,7,1.0
SIGPROXY_graded,CONN,ALL,RCOMP,154,46,0,0.0,0.0,0.0,0.0,1.0,1.0,1.0,140,1.0,14,1.0
SIGPROXY_graded,CONN,ALL,ALL,154,376,0,0.0,0.0,0.0,0.0,1.0,1.0,1.0,140,1.0,14,1.0
SIGPROXY_graded,CONN,DOWN,RCOMP,77,23,0,0.0,0.0,0.0,0.0,1.0,1.0,1.0,70,1.0,7,1.0
SIGPROXY_graded,CONN,DOWN,ALL,77,164,0,0.0,0.0,0.0,0.0,1.0,1.0,1.0,70,1.0,7,1.0
SIGPROXY_graded,CONN,UP,RCOMP,77,23,0,0.0,0.0,0.0,0.0,1.0,1.0,1.0,70,1.0,7,1.0
SIGPROXY_graded,CONN,UP,ALL,77,212,0,0.0,0.0,0.0,0.0,1.0,1.0,1.0,70,1.0,7,1.0
SIGPROXY_graded,BIND,ALL,RCOMP,128,35,0,0.0,0.0,0.0,0.0,1.0,1.0,1.0,119,1.0,9,1.0
SIGPROXY_graded,BIND,ALL,ALL,128,353,0,0.0,0.0,0.0,0.0,1.0,1.0,1.0,119,1.0,9,1.0
SIGPROXY_graded,BIND,DOWN,RCOMP,65,20,0,0.0,0.0,0.0,0.0,1.0,1.0,1.0,59,1.0,6,1.0
SIGPROXY_graded,BIND,DOWN,ALL,65,185,0,0.0,0.0,0.0,0.0,1.0,1.0,1.0,59,1.0,6,1.0
SIGPROXY_graded,BIND,UP,RCOMP,63,15,0,0.0,0.0,0.0,0.0,1.0,1.0,1.0,60,1.0,3,1.0
SIGPROXY_graded,BIND,UP,ALL,63,168,0,0.0,0.0,0.0,0.0,1.0,1.0,1.0,60,1.0,3,1.0
SIGPROXY_graded,ALL_MUTANTS,ALL,RCOMP,1196,350,0,0.09,0.09,0.08,0.1,0.91,0.906,1.0,1092,0.901,104,1.0
SIGPROXY_graded,ALL_MUTANTS,ALL,ALL,1196,3038,0,0.09,0.09,0.08,0.1,0.91,0.906,1.0,1092,0.901,104,1.0
SIGPROXY_graded,ALL_MUTANTS,DOWN,RCOMP,499,148,0,0.002,0.002,0.0,0.006,0.998,0.998,1.0,453,0.998,46,1.0
SIGPROXY_graded,ALL_MUTANTS,DOWN,ALL,499,1254,0,0.002,0.002,0.0,0.006,0.998,0.998,1.0,453,0.998,46,1.0
SIGPROXY_graded,ALL_MUTANTS,UP,RCOMP,697,202,0,0.154,0.154,0.136,0.169,0.846,0.841,1.0,639,0.833,58,1.0
SIGPROXY_graded,ALL_MUTANTS,UP,ALL,697,1784,0,0.154,0.154,0.136,0.169,0.846,0.841,1.0,639,0.833,58,1.0
LOCAL2_own_sig,ADD_FOREIGN,ALL,E,52,309,19,0.0,0.365,0.231,0.519,0.635,0.635,1.0,24,0.5,28,0.75
LOCAL2_own_sig,ADD_FOREIGN,ALL,ALL,52,509,19,0.0,0.365,0.231,0.519,0.635,0.635,1.0,24,0.5,28,0.75
LOCAL2_own_sig,ADD_FOREIGN,DOWN,E,26,154,9,0.0,0.346,0.154,0.538,0.654,0.654,1.0,12,0.583,14,0.714
LOCAL2_own_sig,ADD_FOREIGN,DOWN,ALL,26,254,9,0.0,0.346,0.154,0.538,0.654,0.654,1.0,12,0.583,14,0.714
LOCAL2_own_sig,ADD_FOREIGN,UP,E,26,155,10,0.0,0.385,0.192,0.577,0.615,0.615,1.0,12,0.417,14,0.786
LOCAL2_own_sig,ADD_FOREIGN,UP,ALL,26,255,10,0.0,0.385,0.192,0.577,0.615,0.615,1.0,12,0.417,14,0.786
LOCAL2_own_sig,ADD_INTERNAL,ALL,E,17,98,5,0.0,0.294,0.0,0.579,0.706,0.706,1.0,8,0.375,9,1.0
LOCAL2_own_sig,ADD_INTERNAL,ALL,ALL,17,183,5,0.0,0.294,0.0,0.579,0.706,0.706,1.0,8,0.375,9,1.0
LOCAL2_own_sig,ADD_INTERNAL,DOWN,E,8,52,2,0.0,0.25,0.0,0.5,0.75,0.75,1.0,3,0.333,5,1.0
LOCAL2_own_sig,ADD_INTERNAL,DOWN,ALL,8,52,2,0.0,0.25,0.0,0.5,0.75,0.75,1.0,3,0.333,5,1.0
LOCAL2_own_sig,ADD_INTERNAL,UP,E,9,46,3,0.0,0.333,0.111,0.667,0.667,0.667,1.0,5,0.4,4,1.0
LOCAL2_own_sig,ADD_INTERNAL,UP,ALL,9,131,3,0.0,0.333,0.111,0.667,0.667,0.667,1.0,5,0.4,4,1.0
LOCAL2_own_sig,MEANING_RENAME,ALL,E,49,273,19,0.0,0.388,0.25,0.531,0.612,0.612,1.0,23,0.609,26,0.615
LOCAL2_own_sig,MEANING_RENAME,ALL,ALL,49,449,19,0.0,0.388,0.25,0.531,0.612,0.612,1.0,23,0.609,26,0.615
LOCAL2_own_sig,MEANING_RENAME,DOWN,E,26,145,13,0.0,0.5,0.308,0.692,0.5,0.5,1.0,12,0.5,14,0.5
LOCAL2_own_sig,MEANING_RENAME,DOWN,ALL,26,238,13,0.0,0.5,0.308,0.692,0.5,0.5,1.0,12,0.5,14,0.5
LOCAL2_own_sig,MEANING_RENAME,UP,E,23,128,6,0.0,0.261,0.087,0.435,0.739,0.739,1.0,11,0.727,12,0.75
LOCAL2_own_sig,MEANING_RENAME,UP,ALL,23,211,6,0.0,0.261,0.087,0.435,0.739,0.739,1.0,11,0.727,12,0.75
LOCAL2_own_sig,DROP,ALL,E,27,165,12,0.133,0.519,0.32,0.704,0.481,0.481,1.0,12,0.333,15,0.6
LOCAL2_own_sig,DROP,ALL,ALL,27,265,12,0.133,0.519,0.32,0.704,0.481,0.481,1.0,12,0.333,15,0.6
LOCAL2_own_sig,DROP,DOWN,E,19,122,7,0.083,0.421,0.211,0.632,0.579,0.579,1.0,9,0.444,10,0.7
LOCAL2_own_sig,DROP,DOWN,ALL,19,222,7,0.083,0.421,0.211,0.632,0.579,0.579,1.0,9,0.444,10,0.7
LOCAL2_own_sig,DROP,UP,E,8,43,5,0.333,0.75,0.5,1.0,0.25,0.25,1.0,3,0.0,5,0.4
LOCAL2_own_sig,DROP,UP,ALL,8,43,5,0.333,0.75,0.5,1.0,0.25,0.25,1.0,3,0.0,5,0.4
LOCAL2_own_sig,SWAP,ALL,E,15,105,6,0.111,0.467,0.154,0.722,0.533,0.533,1.0,9,0.222,6,1.0
LOCAL2_own_sig,SWAP,ALL,ALL,15,227,6,0.111,0.467,0.154,0.722,0.533,0.533,1.0,9,0.222,6,1.0
LOCAL2_own_sig,SWAP,DOWN,E,11,54,4,0.0,0.364,0.091,0.636,0.636,0.636,1.0,6,0.333,5,1.0
LOCAL2_own_sig,SWAP,DOWN,ALL,11,123,4,0.0,0.364,0.091,0.636,0.636,0.636,1.0,6,0.333,5,1.0
LOCAL2_own_sig,SWAP,UP,E,4,51,2,0.5,0.75,0.25,1.0,0.25,0.25,1.0,3,0.0,1,1.0
LOCAL2_own_sig,SWAP,UP,ALL,4,104,2,0.5,0.75,0.25,1.0,0.25,0.25,1.0,3,0.0,1,1.0
LOCAL2_own_sig,NEG,ALL,E,53,330,14,0.0,0.264,0.111,0.444,0.736,0.736,1.0,25,0.44,28,1.0
LOCAL2_own_sig,NEG,ALL,ALL,53,530,14,0.0,0.264,0.111,0.444,0.736,0.736,1.0,25,0.44,28,1.0
LOCAL2_own_sig,NEG,DOWN,E,26,157,7,0.0,0.269,0.115,0.423,0.731,0.731,1.0,12,0.417,14,1.0
LOCAL2_own_sig,NEG,DOWN,ALL,26,257,7,0.0,0.269,0.115,0.423,0.731,0.731,1.0,12,0.417,14,1.0
LOCAL2_own_sig,NEG,UP,E,27,173,7,0.0,0.259,0.111,0.444,0.741,0.741,1.0,13,0.462,14,1.0
LOCAL2_own_sig,NEG,UP,ALL,27,273,7,0.0,0.259,0.111,0.444,0.741,0.741,1.0,13,0.462,14,1.0
LOCAL2_own_sig,REV,ALL,E,25,156,6,0.0,0.24,0.08,0.4,0.76,0.76,1.0,11,0.455,14,1.0
LOCAL2_own_sig,REV,ALL,ALL,25,256,6,0.0,0.24,0.08,0.4,0.76,0.76,1.0,11,0.455,14,1.0
LOCAL2_own_sig,REV,UP,E,25,156,6,0.0,0.24,0.08,0.4,0.76,0.76,1.0,11,0.455,14,1.0
LOCAL2_own_sig,REV,UP,ALL,25,256,6,0.0,0.24,0.08,0.4,0.76,0.76,1.0,11,0.455,14,1.0
LOCAL2_own_sig,QUANT,ALL,E,26,155,7,0.0,0.269,0.115,0.423,0.731,0.731,1.0,12,0.417,14,1.0
LOCAL2_own_sig,QUANT,ALL,ALL,26,255,7,0.0,0.269,0.115,0.423,0.731,0.731,1.0,12,0.417,14,1.0
LOCAL2_own_sig,QUANT,UP,E,26,155,7,0.0,0.269,0.115,0.423,0.731,0.731,1.0,12,0.417,14,1.0
LOCAL2_own_sig,QUANT,UP,ALL,26,255,7,0.0,0.269,0.115,0.423,0.731,0.731,1.0,12,0.417,14,1.0
LOCAL2_own_sig,RESTR,ALL,E,26,153,7,0.0,0.269,0.115,0.423,0.731,0.731,1.0,12,0.417,14,1.0
LOCAL2_own_sig,RESTR,ALL,ALL,26,253,7,0.0,0.269,0.115,0.423,0.731,0.731,1.0,12,0.417,14,1.0
LOCAL2_own_sig,RESTR,UP,E,26,153,7,0.0,0.269,0.115,0.423,0.731,0.731,1.0,12,0.417,14,1.0
LOCAL2_own_sig,RESTR,UP,ALL,26,253,7,0.0,0.269,0.115,0.423,0.731,0.731,1.0,12,0.417,14,1.0
LOCAL2_own_sig,CONN,ALL,E,45,285,12,0.0,0.267,0.091,0.447,0.733,0.733,1.0,21,0.429,24,1.0
LOCAL2_own_sig,CONN,ALL,ALL,45,485,12,0.0,0.267,0.091,0.447,0.733,0.733,1.0,21,0.429,24,1.0
LOCAL2_own_sig,CONN,DOWN,E,19,122,5,0.0,0.263,0.105,0.474,0.737,0.737,1.0,9,0.444,10,1.0
LOCAL2_own_sig,CONN,DOWN,ALL,19,222,5,0.0,0.263,0.105,0.474,0.737,0.737,1.0,9,0.444,10,1.0
LOCAL2_own_sig,CONN,UP,E,26,163,7,0.0,0.269,0.115,0.423,0.731,0.731,1.0,12,0.417,14,1.0
LOCAL2_own_sig,CONN,UP,ALL,26,263,7,0.0,0.269,0.115,0.423,0.731,0.731,1.0,12,0.417,14,1.0
LOCAL2_own_sig,BIND,ALL,E,46,272,20,0.0,0.435,0.277,0.596,0.565,0.565,1.0,22,0.364,24,0.75
LOCAL2_own_sig,BIND,ALL,ALL,46,435,20,0.0,0.435,0.277,0.596,0.565,0.565,1.0,22,0.364,24,0.75
LOCAL2_own_sig,BIND,DOWN,E,24,141,10,0.0,0.417,0.25,0.625,0.583,0.583,1.0,11,0.455,13,0.692
LOCAL2_own_sig,BIND,DOWN,ALL,24,226,10,0.0,0.417,0.25,0.625,0.583,0.583,1.0,11,0.455,13,0.692
LOCAL2_own_sig,BIND,UP,E,22,131,10,0.0,0.455,0.227,0.636,0.545,0.545,1.0,11,0.273,11,0.818
LOCAL2_own_sig,BIND,UP,ALL,22,209,10,0.0,0.455,0.227,0.636,0.545,0.545,1.0,11,0.273,11,0.818
LOCAL2_own_sig,ALL_MUTANTS,ALL,E,381,2307,127,0.012,0.341,0.228,0.461,0.659,0.659,1.0,179,0.436,202,0.856
LOCAL2_own_sig,ALL_MUTANTS,ALL,ALL,381,3853,127,0.012,0.341,0.228,0.461,0.659,0.659,1.0,179,0.436,202,0.856
LOCAL2_own_sig,ALL_MUTANTS,DOWN,E,159,947,57,0.01,0.365,0.253,0.481,0.635,0.635,1.0,74,0.459,85,0.788
LOCAL2_own_sig,ALL_MUTANTS,DOWN,ALL,159,1594,57,0.01,0.365,0.253,0.481,0.635,0.635,1.0,74,0.459,85,0.788
LOCAL2_own_sig,ALL_MUTANTS,UP,E,222,1360,70,0.013,0.324,0.193,0.462,0.676,0.676,1.0,105,0.419,117,0.906
LOCAL2_own_sig,ALL_MUTANTS,UP,ALL,222,2259,70,0.013,0.324,0.193,0.462,0.676,0.676,1.0,105,0.419,117,0.906
LOCAL2_base_sig,ADD_FOREIGN,ALL,E,52,309,14,0.0,0.269,0.115,0.423,0.731,0.731,1.0,24,0.417,28,1.0
LOCAL2_base_sig,ADD_FOREIGN,ALL,ALL,52,509,14,0.0,0.269,0.115,0.423,0.731,0.731,1.0,24,0.417,28,1.0
LOCAL2_base_sig,ADD_FOREIGN,DOWN,E,26,154,7,0.0,0.269,0.115,0.423,0.731,0.731,1.0,12,0.417,14,1.0
LOCAL2_base_sig,ADD_FOREIGN,DOWN,ALL,26,254,7,0.0,0.269,0.115,0.423,0.731,0.731,1.0,12,0.417,14,1.0
LOCAL2_base_sig,ADD_FOREIGN,UP,E,26,155,7,0.0,0.269,0.115,0.423,0.731,0.731,1.0,12,0.417,14,1.0
LOCAL2_base_sig,ADD_FOREIGN,UP,ALL,26,255,7,0.0,0.269,0.115,0.423,0.731,0.731,1.0,12,0.417,14,1.0
LOCAL2_base_sig,ADD_INTERNAL,ALL,E,17,98,5,0.0,0.294,0.0,0.579,0.706,0.706,1.0,8,0.375,9,1.0
LOCAL2_base_sig,ADD_INTERNAL,ALL,ALL,17,183,5,0.0,0.294,0.0,0.579,0.706,0.706,1.0,8,0.375,9,1.0
LOCAL2_base_sig,ADD_INTERNAL,DOWN,E,8,52,2,0.0,0.25,0.0,0.5,0.75,0.75,1.0,3,0.333,5,1.0
LOCAL2_base_sig,ADD_INTERNAL,DOWN,ALL,8,52,2,0.0,0.25,0.0,0.5,0.75,0.75,1.0,3,0.333,5,1.0
LOCAL2_base_sig,ADD_INTERNAL,UP,E,9,46,3,0.0,0.333,0.111,0.667,0.667,0.667,1.0,5,0.4,4,1.0
LOCAL2_base_sig,ADD_INTERNAL,UP,ALL,9,131,3,0.0,0.333,0.111,0.667,0.667,0.667,1.0,5,0.4,4,1.0
LOCAL2_base_sig,MEANING_RENAME,ALL,E,49,273,13,0.0,0.265,0.102,0.44,0.735,0.735,1.0,23,0.435,26,1.0
LOCAL2_base_sig,MEANING_RENAME,ALL,ALL,49,449,13,0.0,0.265,0.102,0.44,0.735,0.735,1.0,23,0.435,26,1.0
LOCAL2_base_sig,MEANING_RENAME,DOWN,E,26,145,7,0.0,0.269,0.115,0.423,0.731,0.731,1.0,12,0.417,14,1.0
LOCAL2_base_sig,MEANING_RENAME,DOWN,ALL,26,238,7,0.0,0.269,0.115,0.423,0.731,0.731,1.0,12,0.417,14,1.0
LOCAL2_base_sig,MEANING_RENAME,UP,E,23,128,6,0.0,0.261,0.087,0.435,0.739,0.739,1.0,11,0.455,12,1.0
LOCAL2_base_sig,MEANING_RENAME,UP,ALL,23,211,6,0.0,0.261,0.087,0.435,0.739,0.739,1.0,11,0.455,12,1.0
LOCAL2_base_sig,DROP,ALL,E,27,165,7,0.05,0.296,0.133,0.48,0.704,0.704,1.0,12,0.417,15,0.933
LOCAL2_base_sig,DROP,ALL,ALL,27,265,7,0.05,0.296,0.133,0.48,0.704,0.704,1.0,12,0.417,15,0.933
LOCAL2_base_sig,DROP,DOWN,E,19,122,5,0.071,0.316,0.105,0.526,0.684,0.684,1.0,9,0.444,10,0.9
LOCAL2_base_sig,DROP,DOWN,ALL,19,222,5,0.071,0.316,0.105,0.526,0.684,0.684,1.0,9,0.444,10,0.9
LOCAL2_base_sig,DROP,UP,E,8,43,2,0.0,0.25,0.0,0.5,0.75,0.75,1.0,3,0.333,5,1.0
LOCAL2_base_sig,DROP,UP,ALL,8,43,2,0.0,0.25,0.0,0.5,0.75,0.75,1.0,3,0.333,5,1.0
LOCAL2_base_sig,SWAP,ALL,E,15,105,6,0.111,0.467,0.154,0.722,0.533,0.533,1.0,9,0.222,6,1.0
LOCAL2_base_sig,SWAP,ALL,ALL,15,227,6,0.111,0.467,0.154,0.722,0.533,0.533,1.0,9,0.222,6,1.0
LOCAL2_base_sig,SWAP,DOWN,E,11,54,4,0.0,0.364,0.091,0.636,0.636,0.636,1.0,6,0.333,5,1.0
LOCAL2_base_sig,SWAP,DOWN,ALL,11,123,4,0.0,0.364,0.091,0.636,0.636,0.636,1.0,6,0.333,5,1.0
LOCAL2_base_sig,SWAP,UP,E,4,51,2,0.5,0.75,0.25,1.0,0.25,0.25,1.0,3,0.0,1,1.0
LOCAL2_base_sig,SWAP,UP,ALL,4,104,2,0.5,0.75,0.25,1.0,0.25,0.25,1.0,3,0.0,1,1.0
LOCAL2_base_sig,NEG,ALL,E,53,330,14,0.0,0.264,0.111,0.444,0.736,0.736,1.0,25,0.44,28,1.0
LOCAL2_base_sig,NEG,ALL,ALL,53,530,14,0.0,0.264,0.111,0.444,0.736,0.736,1.0,25,0.44,28,1.0
LOCAL2_base_sig,NEG,DOWN,E,26,157,7,0.0,0.269,0.115,0.423,0.731,0.731,1.0,12,0.417,14,1.0
LOCAL2_base_sig,NEG,DOWN,ALL,26,257,7,0.0,0.269,0.115,0.423,0.731,0.731,1.0,12,0.417,14,1.0
LOCAL2_base_sig,NEG,UP,E,27,173,7,0.0,0.259,0.111,0.444,0.741,0.741,1.0,13,0.462,14,1.0
LOCAL2_base_sig,NEG,UP,ALL,27,273,7,0.0,0.259,0.111,0.444,0.741,0.741,1.0,13,0.462,14,1.0
LOCAL2_base_sig,REV,ALL,E,25,156,6,0.0,0.24,0.08,0.4,0.76,0.76,1.0,11,0.455,14,1.0
LOCAL2_base_sig,REV,ALL,ALL,25,256,6,0.0,0.24,0.08,0.4,0.76,0.76,1.0,11,0.455,14,1.0
LOCAL2_base_sig,REV,UP,E,25,156,6,0.0,0.24,0.08,0.4,0.76,0.76,1.0,11,0.455,14,1.0
LOCAL2_base_sig,REV,UP,ALL,25,256,6,0.0,0.24,0.08,0.4,0.76,0.76,1.0,11,0.455,14,1.0
LOCAL2_base_sig,QUANT,ALL,E,26,155,7,0.0,0.269,0.115,0.423,0.731,0.731,1.0,12,0.417,14,1.0
LOCAL2_base_sig,QUANT,ALL,ALL,26,255,7,0.0,0.269,0.115,0.423,0.731,0.731,1.0,12,0.417,14,1.0
LOCAL2_base_sig,QUANT,UP,E,26,155,7,0.0,0.269,0.115,0.423,0.731,0.731,1.0,12,0.417,14,1.0
LOCAL2_base_sig,QUANT,UP,ALL,26,255,7,0.0,0.269,0.115,0.423,0.731,0.731,1.0,12,0.417,14,1.0
LOCAL2_base_sig,RESTR,ALL,E,26,153,7,0.0,0.269,0.115,0.423,0.731,0.731,1.0,12,0.417,14,1.0
LOCAL2_base_sig,RESTR,ALL,ALL,26,253,7,0.0,0.269,0.115,0.423,0.731,0.731,1.0,12,0.417,14,1.0
LOCAL2_base_sig,RESTR,UP,E,26,153,7,0.0,0.269,0.115,0.423,0.731,0.731,1.0,12,0.417,14,1.0
LOCAL2_base_sig,RESTR,UP,ALL,26,253,7,0.0,0.269,0.115,0.423,0.731,0.731,1.0,12,0.417,14,1.0
LOCAL2_base_sig,CONN,ALL,E,45,285,12,0.0,0.267,0.091,0.447,0.733,0.733,1.0,21,0.429,24,1.0
LOCAL2_base_sig,CONN,ALL,ALL,45,485,12,0.0,0.267,0.091,0.447,0.733,0.733,1.0,21,0.429,24,1.0
LOCAL2_base_sig,CONN,DOWN,E,19,122,5,0.0,0.263,0.105,0.474,0.737,0.737,1.0,9,0.444,10,1.0
LOCAL2_base_sig,CONN,DOWN,ALL,19,222,5,0.0,0.263,0.105,0.474,0.737,0.737,1.0,9,0.444,10,1.0
LOCAL2_base_sig,CONN,UP,E,26,163,7,0.0,0.269,0.115,0.423,0.731,0.731,1.0,12,0.417,14,1.0
LOCAL2_base_sig,CONN,UP,ALL,26,263,7,0.0,0.269,0.115,0.423,0.731,0.731,1.0,12,0.417,14,1.0
LOCAL2_base_sig,BIND,ALL,E,46,272,12,0.0,0.261,0.089,0.435,0.739,0.739,1.0,22,0.455,24,1.0
LOCAL2_base_sig,BIND,ALL,ALL,46,435,12,0.0,0.261,0.089,0.435,0.739,0.739,1.0,22,0.455,24,1.0
LOCAL2_base_sig,BIND,DOWN,E,24,141,6,0.0,0.25,0.083,0.417,0.75,0.75,1.0,11,0.455,13,1.0
LOCAL2_base_sig,BIND,DOWN,ALL,24,226,6,0.0,0.25,0.083,0.417,0.75,0.75,1.0,11,0.455,13,1.0
LOCAL2_base_sig,BIND,UP,E,22,131,6,0.0,0.273,0.091,0.455,0.727,0.727,1.0,11,0.455,11,1.0
LOCAL2_base_sig,BIND,UP,ALL,22,209,6,0.0,0.273,0.091,0.455,0.727,0.727,1.0,11,0.455,11,1.0
LOCAL2_base_sig,ALL_MUTANTS,ALL,E,381,2307,103,0.007,0.276,0.116,0.449,0.724,0.724,1.0,179,0.419,202,0.995
LOCAL2_base_sig,ALL_MUTANTS,ALL,ALL,381,3853,103,0.007,0.276,0.116,0.449,0.724,0.724,1.0,179,0.419,202,0.995
LOCAL2_base_sig,ALL_MUTANTS,DOWN,E,159,947,43,0.009,0.277,0.108,0.452,0.723,0.723,1.0,74,0.419,85,0.988
LOCAL2_base_sig,ALL_MUTANTS,DOWN,ALL,159,1594,43,0.009,0.277,0.108,0.452,0.723,0.723,1.0,74,0.419,85,0.988
LOCAL2_base_sig,ALL_MUTANTS,UP,E,222,1360,60,0.006,0.275,0.116,0.447,0.725,0.725,1.0,105,0.419,117,1.0
LOCAL2_base_sig,ALL_MUTANTS,UP,ALL,222,2259,60,0.006,0.275,0.116,0.447,0.725,0.725,1.0,105,0.419,117,1.0
LOCAL2_graded,ADD_FOREIGN,ALL,E,52,309,19,0.212,0.5,0.385,0.615,0.5,0.404,1.0,30,0.367,22,0.682
LOCAL2_graded,ADD_FOREIGN,ALL,ALL,52,509,19,0.212,0.5,0.385,0.615,0.5,0.404,1.0,30,0.367,22,0.682
LOCAL2_graded,ADD_FOREIGN,DOWN,E,26,154,9,0.353,0.577,0.385,0.769,0.423,0.385,1.0,15,0.267,11,0.636
LOCAL2_graded,ADD_FOREIGN,DOWN,ALL,26,254,9,0.353,0.577,0.385,0.769,0.423,0.385,1.0,15,0.267,11,0.636
LOCAL2_graded,ADD_FOREIGN,UP,E,26,155,10,0.062,0.423,0.231,0.615,0.577,0.423,1.0,15,0.467,11,0.727
LOCAL2_graded,ADD_FOREIGN,UP,ALL,26,255,10,0.062,0.423,0.231,0.615,0.577,0.423,1.0,15,0.467,11,0.727
LOCAL2_graded,ADD_INTERNAL,ALL,E,17,98,5,0.333,0.529,0.267,0.765,0.471,0.294,1.0,9,0.222,8,0.75
LOCAL2_graded,ADD_INTERNAL,ALL,ALL,17,183,5,0.333,0.529,0.267,0.765,0.471,0.294,1.0,9,0.222,8,0.75
LOCAL2_graded,ADD_INTERNAL,DOWN,E,8,52,2,0.333,0.5,0.125,0.875,0.5,0.375,1.0,3,0.333,5,0.6
LOCAL2_graded,ADD_INTERNAL,DOWN,ALL,8,52,2,0.333,0.5,0.125,0.875,0.5,0.375,1.0,3,0.333,5,0.6
LOCAL2_graded,ADD_INTERNAL,UP,E,9,46,3,0.333,0.556,0.222,0.889,0.444,0.222,1.0,6,0.167,3,1.0
LOCAL2_graded,ADD_INTERNAL,UP,ALL,9,131,3,0.333,0.556,0.222,0.889,0.444,0.222,1.0,6,0.167,3,1.0
LOCAL2_graded,MEANING_RENAME,ALL,E,49,273,19,0.067,0.429,0.286,0.574,0.571,0.551,1.0,29,0.586,20,0.55
LOCAL2_graded,MEANING_RENAME,ALL,ALL,49,449,19,0.067,0.429,0.286,0.574,0.571,0.551,1.0,29,0.586,20,0.55
LOCAL2_graded,MEANING_RENAME,DOWN,E,26,145,13,0.077,0.538,0.346,0.731,0.462,0.462,1.0,15,0.467,11,0.455
LOCAL2_graded,MEANING_RENAME,DOWN,ALL,26,238,13,0.077,0.538,0.346,0.731,0.462,0.462,1.0,15,0.467,11,0.455
LOCAL2_graded,MEANING_RENAME,UP,E,23,128,6,0.059,0.304,0.13,0.478,0.696,0.652,1.0,14,0.714,9,0.667
LOCAL2_graded,MEANING_RENAME,UP,ALL,23,211,6,0.059,0.304,0.13,0.478,0.696,0.652,1.0,14,0.714,9,0.667
LOCAL2_graded,DROP,ALL,E,27,165,12,0.133,0.519,0.32,0.704,0.481,0.481,0.926,16,0.438,11,0.545
LOCAL2_graded,DROP,ALL,ALL,27,265,12,0.133,0.519,0.32,0.704,0.481,0.481,0.926,16,0.438,11,0.545
LOCAL2_graded,DROP,DOWN,E,19,122,7,0.083,0.421,0.211,0.632,0.579,0.579,0.947,12,0.5,7,0.714
LOCAL2_graded,DROP,DOWN,ALL,19,222,7,0.083,0.421,0.211,0.632,0.579,0.579,0.947,12,0.5,7,0.714
LOCAL2_graded,DROP,UP,E,8,43,5,0.333,0.75,0.5,1.0,0.25,0.25,0.875,4,0.25,4,0.25
LOCAL2_graded,DROP,UP,ALL,8,43,5,0.333,0.75,0.5,1.0,0.25,0.25,0.875,4,0.25,4,0.25
LOCAL2_graded,SWAP,ALL,E,15,105,6,0.111,0.467,0.154,0.722,0.533,0.533,1.0,9,0.222,6,1.0
LOCAL2_graded,SWAP,ALL,ALL,15,227,6,0.111,0.467,0.154,0.722,0.533,0.533,1.0,9,0.222,6,1.0
LOCAL2_graded,SWAP,DOWN,E,11,54,4,0.0,0.364,0.091,0.636,0.636,0.636,1.0,6,0.333,5,1.0
LOCAL2_graded,SWAP,DOWN,ALL,11,123,4,0.0,0.364,0.091,0.636,0.636,0.636,1.0,6,0.333,5,1.0
LOCAL2_graded,SWAP,UP,E,4,51,2,0.5,0.75,0.25,1.0,0.25,0.25,1.0,3,0.0,1,1.0
LOCAL2_graded,SWAP,UP,ALL,4,104,2,0.5,0.75,0.25,1.0,0.25,0.25,1.0,3,0.0,1,1.0
LOCAL2_graded,NEG,ALL,E,53,330,14,0.0,0.264,0.111,0.444,0.736,0.698,1.0,31,0.548,22,1.0
LOCAL2_graded,NEG,ALL,ALL,53,530,14,0.0,0.264,0.111,0.444,0.736,0.698,1.0,31,0.548,22,1.0
LOCAL2_graded,NEG,DOWN,E,26,157,7,0.0,0.269,0.115,0.423,0.731,0.692,1.0,15,0.533,11,1.0
LOCAL2_graded,NEG,DOWN,ALL,26,257,7,0.0,0.269,0.115,0.423,0.731,0.692,1.0,15,0.533,11,1.0
LOCAL2_graded,NEG,UP,E,27,173,7,0.0,0.259,0.111,0.444,0.741,0.704,1.0,16,0.562,11,1.0
LOCAL2_graded,NEG,UP,ALL,27,273,7,0.0,0.259,0.111,0.444,0.741,0.704,1.0,16,0.562,11,1.0
LOCAL2_graded,REV,ALL,E,25,156,6,0.0,0.24,0.08,0.4,0.76,0.64,1.0,14,0.571,11,1.0
LOCAL2_graded,REV,ALL,ALL,25,256,6,0.0,0.24,0.08,0.4,0.76,0.64,1.0,14,0.571,11,1.0
LOCAL2_graded,REV,UP,E,25,156,6,0.0,0.24,0.08,0.4,0.76,0.64,1.0,14,0.571,11,1.0
LOCAL2_graded,REV,UP,ALL,25,256,6,0.0,0.24,0.08,0.4,0.76,0.64,1.0,14,0.571,11,1.0
LOCAL2_graded,QUANT,ALL,E,26,155,7,0.158,0.385,0.192,0.577,0.615,0.538,0.962,15,0.4,11,0.909
LOCAL2_graded,QUANT,ALL,ALL,26,255,7,0.158,0.385,0.192,0.577,0.615,0.538,0.962,15,0.4,11,0.909
LOCAL2_graded,QUANT,UP,E,26,155,7,0.158,0.385,0.192,0.577,0.615,0.538,0.962,15,0.4,11,0.909
LOCAL2_graded,QUANT,UP,ALL,26,255,7,0.158,0.385,0.192,0.577,0.615,0.538,0.962,15,0.4,11,0.909
LOCAL2_graded,RESTR,ALL,E,26,153,7,0.0,0.269,0.115,0.423,0.731,0.654,1.0,15,0.533,11,1.0
LOCAL2_graded,RESTR,ALL,ALL,26,253,7,0.0,0.269,0.115,0.423,0.731,0.654,1.0,15,0.533,11,1.0
LOCAL2_graded,RESTR,UP,E,26,153,7,0.0,0.269,0.115,0.423,0.731,0.654,1.0,15,0.533,11,1.0
LOCAL2_graded,RESTR,UP,ALL,26,253,7,0.0,0.269,0.115,0.423,0.731,0.654,1.0,15,0.533,11,1.0
LOCAL2_graded,CONN,ALL,E,45,285,12,0.0,0.267,0.091,0.447,0.733,0.733,1.0,27,0.556,18,1.0
LOCAL2_graded,CONN,ALL,ALL,45,485,12,0.0,0.267,0.091,0.447,0.733,0.733,1.0,27,0.556,18,1.0
LOCAL2_graded,CONN,DOWN,E,19,122,5,0.0,0.263,0.105,0.474,0.737,0.737,1.0,12,0.583,7,1.0
LOCAL2_graded,CONN,DOWN,ALL,19,222,5,0.0,0.263,0.105,0.474,0.737,0.737,1.0,12,0.583,7,1.0
LOCAL2_graded,CONN,UP,E,26,163,7,0.0,0.269,0.115,0.423,0.731,0.731,1.0,15,0.533,11,1.0
LOCAL2_graded,CONN,UP,ALL,26,263,7,0.0,0.269,0.115,0.423,0.731,0.731,1.0,15,0.533,11,1.0
LOCAL2_graded,BIND,ALL,E,46,272,20,0.154,0.522,0.372,0.674,0.478,0.478,1.0,28,0.429,18,0.556
LOCAL2_graded,BIND,ALL,ALL,46,435,20,0.154,0.522,0.372,0.674,0.478,0.478,1.0,28,0.429,18,0.556
LOCAL2_graded,BIND,DOWN,E,24,141,10,0.071,0.458,0.292,0.667,0.542,0.542,1.0,14,0.5,10,0.6
LOCAL2_graded,BIND,DOWN,ALL,24,226,10,0.071,0.458,0.292,0.667,0.542,0.542,1.0,14,0.5,10,0.6
LOCAL2_graded,BIND,UP,E,22,131,10,0.25,0.591,0.364,0.773,0.409,0.409,1.0,14,0.357,8,0.5
LOCAL2_graded,BIND,UP,ALL,22,209,10,0.25,0.591,0.364,0.773,0.409,0.409,1.0,14,0.357,8,0.5
LOCAL2_graded,ALL_MUTANTS,ALL,E,381,2307,127,0.091,0.394,0.288,0.504,0.606,0.559,0.992,223,0.471,158,0.797
LOCAL2_graded,ALL_MUTANTS,ALL,ALL,381,3853,127,0.091,0.394,0.288,0.504,0.606,0.559,0.992,223,0.471,158,0.797
LOCAL2_graded,ALL_MUTANTS,DOWN,E,159,947,57,0.108,0.428,0.316,0.546,0.572,0.553,0.994,92,0.457,67,0.731
LOCAL2_graded,ALL_MUTANTS,DOWN,ALL,159,1594,57,0.108,0.428,0.316,0.546,0.572,0.553,0.994,92,0.457,67,0.731
LOCAL2_graded,ALL_MUTANTS,UP,E,222,1360,70,0.079,0.369,0.244,0.498,0.631,0.563,0.991,131,0.481,91,0.846
LOCAL2_graded,ALL_MUTANTS,UP,ALL,222,2259,70,0.079,0.369,0.244,0.498,0.631,0.563,0.991,131,0.481,91,0.846
FREE_c_align_exp8,ADD_FOREIGN,ALL,E,357,4,0,0.0,0.0,0.0,0.0,1.0,1.0,1.0,83,1.0,274,1.0
FREE_c_align_exp8,ADD_FOREIGN,ALL,ALL,357,204,0,0.0,0.0,0.0,0.0,1.0,1.0,1.0,83,1.0,274,1.0
FREE_c_align_exp8,ADD_FOREIGN,DOWN,E,178,2,0,0.0,0.0,0.0,0.0,1.0,1.0,1.0,41,1.0,137,1.0
FREE_c_align_exp8,ADD_FOREIGN,DOWN,ALL,178,102,0,0.0,0.0,0.0,0.0,1.0,1.0,1.0,41,1.0,137,1.0
FREE_c_align_exp8,ADD_FOREIGN,UP,E,179,2,0,0.0,0.0,0.0,0.0,1.0,1.0,1.0,42,1.0,137,1.0
FREE_c_align_exp8,ADD_FOREIGN,UP,ALL,179,102,0,0.0,0.0,0.0,0.0,1.0,1.0,1.0,42,1.0,137,1.0
FREE_c_align_exp8,ADD_INTERNAL,ALL,E,115,0,0,0.0,0.0,0.0,0.0,1.0,0.991,1.0,18,1.0,97,1.0
FREE_c_align_exp8,ADD_INTERNAL,ALL,ALL,115,85,0,0.0,0.0,0.0,0.0,1.0,0.991,1.0,18,1.0,97,1.0
FREE_c_align_exp8,ADD_INTERNAL,DOWN,E,60,0,0,0.0,0.0,0.0,0.0,1.0,1.0,1.0,8,1.0,52,1.0
FREE_c_align_exp8,ADD_INTERNAL,DOWN,ALL,60,0,0,0.0,0.0,0.0,0.0,1.0,1.0,1.0,8,1.0,52,1.0
FREE_c_align_exp8,ADD_INTERNAL,UP,E,55,0,0,0.0,0.0,0.0,0.0,1.0,0.982,1.0,10,1.0,45,1.0
FREE_c_align_exp8,ADD_INTERNAL,UP,ALL,55,85,0,0.0,0.0,0.0,0.0,1.0,0.982,1.0,10,1.0,45,1.0
FREE_c_align_exp8,MEANING_RENAME,ALL,E,318,4,0,0.0,0.0,0.0,0.0,1.0,0.997,1.0,89,1.0,229,1.0
FREE_c_align_exp8,MEANING_RENAME,ALL,ALL,318,180,0,0.0,0.0,0.0,0.0,1.0,0.997,1.0,89,1.0,229,1.0
FREE_c_align_exp8,MEANING_RENAME,DOWN,E,169,2,0,0.0,0.0,0.0,0.0,1.0,1.0,1.0,43,1.0,126,1.0
FREE_c_align_exp8,MEANING_RENAME,DOWN,ALL,169,95,0,0.0,0.0,0.0,0.0,1.0,1.0,1.0,43,1.0,126,1.0
FREE_c_align_exp8,MEANING_RENAME,UP,E,149,2,0,0.0,0.0,0.0,0.0,1.0,0.993,1.0,46,1.0,103,1.0
FREE_c_align_exp8,MEANING_RENAME,UP,ALL,149,85,0,0.0,0.0,0.0,0.0,1.0,0.993,1.0,46,1.0,103,1.0
FREE_c_align_exp8,DROP,ALL,E,191,1,0,0.01,0.01,0.0,0.026,0.99,0.942,1.0,46,1.0,145,0.986
FREE_c_align_exp8,DROP,ALL,ALL,191,101,0,0.01,0.01,0.0,0.026,0.99,0.942,1.0,46,1.0,145,0.986
FREE_c_align_exp8,DROP,DOWN,E,140,1,0,0.007,0.007,0.0,0.021,0.993,0.943,1.0,30,1.0,110,0.991
FREE_c_align_exp8,DROP,DOWN,ALL,140,101,0,0.007,0.007,0.0,0.021,0.993,0.943,1.0,30,1.0,110,0.991
FREE_c_align_exp8,DROP,UP,E,51,0,0,0.02,0.02,0.0,0.059,0.98,0.941,1.0,16,1.0,35,0.971
FREE_c_align_exp8,DROP,UP,ALL,51,0,0,0.02,0.02,0.0,0.059,0.98,0.941,1.0,16,1.0,35,0.971
FREE_c_align_exp8,SWAP,ALL,E,116,4,0,0.0,0.0,0.0,0.0,1.0,0.991,1.0,29,1.0,87,1.0
FREE_c_align_exp8,SWAP,ALL,ALL,116,126,0,0.0,0.0,0.0,0.0,1.0,0.991,1.0,29,1.0,87,1.0
FREE_c_align_exp8,SWAP,DOWN,E,63,2,0,0.0,0.0,0.0,0.0,1.0,1.0,1.0,13,1.0,50,1.0
FREE_c_align_exp8,SWAP,DOWN,ALL,63,71,0,0.0,0.0,0.0,0.0,1.0,1.0,1.0,13,1.0,50,1.0
FREE_c_align_exp8,SWAP,UP,E,53,2,0,0.0,0.0,0.0,0.0,1.0,0.981,1.0,16,1.0,37,1.0
FREE_c_align_exp8,SWAP,UP,ALL,53,55,0,0.0,0.0,0.0,0.0,1.0,0.981,1.0,16,1.0,37,1.0
FREE_c_align_exp8,NEG,ALL,E,379,4,0,0.0,0.0,0.0,0.0,1.0,0.995,1.0,101,1.0,278,1.0
FREE_c_align_exp8,NEG,ALL,ALL,379,204,0,0.0,0.0,0.0,0.0,1.0,0.995,1.0,101,1.0,278,1.0
FREE_c_align_exp8,NEG,DOWN,E,181,2,0,0.0,0.0,0.0,0.0,1.0,0.994,1.0,44,1.0,137,1.0
FREE_c_align_exp8,NEG,DOWN,ALL,181,102,0,0.0,0.0,0.0,0.0,1.0,0.994,1.0,44,1.0,137,1.0
FREE_c_align_exp8,NEG,UP,E,198,2,0,0.0,0.0,0.0,0.0,1.0,0.995,1.0,57,1.0,141,1.0
FREE_c_align_exp8,NEG,UP,ALL,198,102,0,0.0,0.0,0.0,0.0,1.0,0.995,1.0,57,1.0,141,1.0
FREE_c_align_exp8,REV,ALL,E,179,2,0,0.0,0.0,0.0,0.0,1.0,0.994,1.0,42,1.0,137,1.0
FREE_c_align_exp8,REV,ALL,ALL,179,102,0,0.0,0.0,0.0,0.0,1.0,0.994,1.0,42,1.0,137,1.0
FREE_c_align_exp8,REV,UP,E,179,2,0,0.0,0.0,0.0,0.0,1.0,0.994,1.0,42,1.0,137,1.0
FREE_c_align_exp8,REV,UP,ALL,179,102,0,0.0,0.0,0.0,0.0,1.0,0.994,1.0,42,1.0,137,1.0
FREE_c_align_exp8,QUANT,ALL,E,179,2,0,0.0,0.0,0.0,0.0,1.0,0.978,1.0,42,1.0,137,1.0
FREE_c_align_exp8,QUANT,ALL,ALL,179,102,0,0.0,0.0,0.0,0.0,1.0,0.978,1.0,42,1.0,137,1.0
FREE_c_align_exp8,QUANT,UP,E,179,2,0,0.0,0.0,0.0,0.0,1.0,0.978,1.0,42,1.0,137,1.0
FREE_c_align_exp8,QUANT,UP,ALL,179,102,0,0.0,0.0,0.0,0.0,1.0,0.978,1.0,42,1.0,137,1.0
FREE_c_align_exp8,RESTR,ALL,E,177,2,0,0.0,0.0,0.0,0.0,1.0,0.989,1.0,41,1.0,136,1.0
FREE_c_align_exp8,RESTR,ALL,ALL,177,102,0,0.0,0.0,0.0,0.0,1.0,0.989,1.0,41,1.0,136,1.0
FREE_c_align_exp8,RESTR,UP,E,177,2,0,0.0,0.0,0.0,0.0,1.0,0.989,1.0,41,1.0,136,1.0
FREE_c_align_exp8,RESTR,UP,ALL,177,102,0,0.0,0.0,0.0,0.0,1.0,0.989,1.0,41,1.0,136,1.0
FREE_c_align_exp8,CONN,ALL,E,327,3,0,0.003,0.003,0.0,0.009,0.997,0.985,1.0,78,1.0,249,0.996
FREE_c_align_exp8,CONN,ALL,ALL,327,203,0,0.003,0.003,0.0,0.009,0.997,0.985,1.0,78,1.0,249,0.996
FREE_c_align_exp8,CONN,DOWN,E,140,1,0,0.0,0.0,0.0,0.0,1.0,1.0,1.0,30,1.0,110,1.0
FREE_c_align_exp8,CONN,DOWN,ALL,140,101,0,0.0,0.0,0.0,0.0,1.0,1.0,1.0,30,1.0,110,1.0
FREE_c_align_exp8,CONN,UP,E,187,2,0,0.005,0.005,0.0,0.016,0.995,0.973,1.0,48,1.0,139,0.993
FREE_c_align_exp8,CONN,UP,ALL,187,102,0,0.005,0.005,0.0,0.016,0.995,0.973,1.0,48,1.0,139,0.993
FREE_c_align_exp8,MOVE,ALL,E,6,0,0,0.0,0.0,0.0,0.0,1.0,1.0,1.0,0,,6,1.0
FREE_c_align_exp8,MOVE,ALL,ALL,6,0,0,0.0,0.0,0.0,0.0,1.0,1.0,1.0,0,,6,1.0
FREE_c_align_exp8,MOVE,UP,E,6,0,0,0.0,0.0,0.0,0.0,1.0,1.0,1.0,0,,6,1.0
FREE_c_align_exp8,MOVE,UP,ALL,6,0,0,0.0,0.0,0.0,0.0,1.0,1.0,1.0,0,,6,1.0
FREE_c_align_exp8,BIND,ALL,E,314,4,0,0.0,0.0,0.0,0.0,1.0,1.0,1.0,73,1.0,241,1.0
FREE_c_align_exp8,BIND,ALL,ALL,314,167,0,0.0,0.0,0.0,0.0,1.0,1.0,1.0,73,1.0,241,1.0
FREE_c_align_exp8,BIND,DOWN,E,163,2,0,0.0,0.0,0.0,0.0,1.0,1.0,1.0,35,1.0,128,1.0
FREE_c_align_exp8,BIND,DOWN,ALL,163,87,0,0.0,0.0,0.0,0.0,1.0,1.0,1.0,35,1.0,128,1.0
FREE_c_align_exp8,BIND,UP,E,151,2,0,0.0,0.0,0.0,0.0,1.0,1.0,1.0,38,1.0,113,1.0
FREE_c_align_exp8,BIND,UP,ALL,151,80,0,0.0,0.0,0.0,0.0,1.0,1.0,1.0,38,1.0,113,1.0
FREE_c_align_exp8,ALL_MUTANTS,ALL,E,2658,30,0,0.001,0.001,0.0,0.003,0.999,0.989,1.0,642,1.0,2016,0.999
FREE_c_align_exp8,ALL_MUTANTS,ALL,ALL,2658,1576,0,0.001,0.001,0.0,0.003,0.999,0.989,1.0,642,1.0,2016,0.999
FREE_c_align_exp8,ALL_MUTANTS,DOWN,E,1094,12,0,0.001,0.001,0.0,0.003,0.999,0.992,1.0,244,1.0,850,0.999
FREE_c_align_exp8,ALL_MUTANTS,DOWN,ALL,1094,659,0,0.001,0.001,0.0,0.003,0.999,0.992,1.0,244,1.0,850,0.999
FREE_c_align_exp8,ALL_MUTANTS,UP,E,1564,18,0,0.001,0.001,0.0,0.003,0.999,0.988,1.0,398,1.0,1166,0.998
FREE_c_align_exp8,ALL_MUTANTS,UP,ALL,1564,917,0,0.001,0.001,0.0,0.003,0.999,0.988,1.0,398,1.0,1166,0.998
FREE_c_hyb_exp8,ADD_FOREIGN,ALL,E,357,4,0,0.006,0.006,0.0,0.014,0.994,0.978,1.0,91,1.0,266,0.992
FREE_c_hyb_exp8,ADD_FOREIGN,ALL,ALL,357,204,0,0.006,0.006,0.0,0.014,0.994,0.978,1.0,91,1.0,266,0.992
FREE_c_hyb_exp8,ADD_FOREIGN,DOWN,E,178,2,0,0.011,0.011,0.0,0.028,0.989,0.955,1.0,45,1.0,133,0.985
FREE_c_hyb_exp8,ADD_FOREIGN,DOWN,ALL,178,102,0,0.011,0.011,0.0,0.028,0.989,0.955,1.0,45,1.0,133,0.985
FREE_c_hyb_exp8,ADD_FOREIGN,UP,E,179,2,0,0.0,0.0,0.0,0.0,1.0,1.0,1.0,46,1.0,133,1.0
FREE_c_hyb_exp8,ADD_FOREIGN,UP,ALL,179,102,0,0.0,0.0,0.0,0.0,1.0,1.0,1.0,46,1.0,133,1.0
FREE_c_hyb_exp8,ADD_INTERNAL,ALL,E,115,0,0,0.0,0.0,0.0,0.0,1.0,0.991,1.0,20,1.0,95,1.0
FREE_c_hyb_exp8,ADD_INTERNAL,ALL,ALL,115,85,0,0.0,0.0,0.0,0.0,1.0,0.991,1.0,20,1.0,95,1.0
FREE_c_hyb_exp8,ADD_INTERNAL,DOWN,E,60,0,0,0.0,0.0,0.0,0.0,1.0,1.0,1.0,10,1.0,50,1.0
FREE_c_hyb_exp8,ADD_INTERNAL,DOWN,ALL,60,0,0,0.0,0.0,0.0,0.0,1.0,1.0,1.0,10,1.0,50,1.0
FREE_c_hyb_exp8,ADD_INTERNAL,UP,E,55,0,0,0.0,0.0,0.0,0.0,1.0,0.982,1.0,10,1.0,45,1.0
FREE_c_hyb_exp8,ADD_INTERNAL,UP,ALL,55,85,0,0.0,0.0,0.0,0.0,1.0,0.982,1.0,10,1.0,45,1.0
FREE_c_hyb_exp8,MEANING_RENAME,ALL,E,318,4,0,0.182,0.182,0.129,0.241,0.818,0.318,0.972,96,0.396,222,1.0
FREE_c_hyb_exp8,MEANING_RENAME,ALL,ALL,318,180,0,0.182,0.182,0.129,0.241,0.818,0.318,0.972,96,0.396,222,1.0
FREE_c_hyb_exp8,MEANING_RENAME,DOWN,E,169,2,0,0.16,0.16,0.107,0.213,0.84,0.325,0.976,47,0.426,122,1.0
FREE_c_hyb_exp8,MEANING_RENAME,DOWN,ALL,169,95,0,0.16,0.16,0.107,0.213,0.84,0.325,0.976,47,0.426,122,1.0
FREE_c_hyb_exp8,MEANING_RENAME,UP,E,149,2,0,0.208,0.208,0.148,0.275,0.792,0.309,0.966,49,0.367,100,1.0
FREE_c_hyb_exp8,MEANING_RENAME,UP,ALL,149,85,0,0.208,0.208,0.148,0.275,0.792,0.309,0.966,49,0.367,100,1.0
FREE_c_hyb_exp8,DROP,ALL,E,191,1,0,0.01,0.01,0.0,0.026,0.99,0.895,1.0,48,1.0,143,0.986
FREE_c_hyb_exp8,DROP,ALL,ALL,191,101,0,0.01,0.01,0.0,0.026,0.99,0.895,1.0,48,1.0,143,0.986
FREE_c_hyb_exp8,DROP,DOWN,E,140,1,0,0.007,0.007,0.0,0.021,0.993,0.879,1.0,30,1.0,110,0.991
FREE_c_hyb_exp8,DROP,DOWN,ALL,140,101,0,0.007,0.007,0.0,0.021,0.993,0.879,1.0,30,1.0,110,0.991
FREE_c_hyb_exp8,DROP,UP,E,51,0,0,0.02,0.02,0.0,0.059,0.98,0.941,1.0,18,1.0,33,0.97
FREE_c_hyb_exp8,DROP,UP,ALL,51,0,0,0.02,0.02,0.0,0.059,0.98,0.941,1.0,18,1.0,33,0.97
FREE_c_hyb_exp8,SWAP,ALL,E,116,4,0,0.0,0.0,0.0,0.0,1.0,0.983,1.0,34,1.0,82,1.0
FREE_c_hyb_exp8,SWAP,ALL,ALL,116,126,0,0.0,0.0,0.0,0.0,1.0,0.983,1.0,34,1.0,82,1.0
FREE_c_hyb_exp8,SWAP,DOWN,E,63,2,0,0.0,0.0,0.0,0.0,1.0,1.0,1.0,13,1.0,50,1.0
FREE_c_hyb_exp8,SWAP,DOWN,ALL,63,71,0,0.0,0.0,0.0,0.0,1.0,1.0,1.0,13,1.0,50,1.0
FREE_c_hyb_exp8,SWAP,UP,E,53,2,0,0.0,0.0,0.0,0.0,1.0,0.962,1.0,21,1.0,32,1.0
FREE_c_hyb_exp8,SWAP,UP,ALL,53,55,0,0.0,0.0,0.0,0.0,1.0,0.962,1.0,21,1.0,32,1.0
FREE_c_hyb_exp8,NEG,ALL,E,379,4,0,0.0,0.0,0.0,0.0,1.0,0.995,1.0,111,1.0,268,1.0
FREE_c_hyb_exp8,NEG,ALL,ALL,379,204,0,0.0,0.0,0.0,0.0,1.0,0.995,1.0,111,1.0,268,1.0
FREE_c_hyb_exp8,NEG,DOWN,E,181,2,0,0.0,0.0,0.0,0.0,1.0,0.994,1.0,48,1.0,133,1.0
FREE_c_hyb_exp8,NEG,DOWN,ALL,181,102,0,0.0,0.0,0.0,0.0,1.0,0.994,1.0,48,1.0,133,1.0
FREE_c_hyb_exp8,NEG,UP,E,198,2,0,0.0,0.0,0.0,0.0,1.0,0.995,1.0,63,1.0,135,1.0
FREE_c_hyb_exp8,NEG,UP,ALL,198,102,0,0.0,0.0,0.0,0.0,1.0,0.995,1.0,63,1.0,135,1.0
FREE_c_hyb_exp8,REV,ALL,E,179,2,0,0.006,0.006,0.0,0.017,0.994,0.989,0.994,46,0.978,133,1.0
FREE_c_hyb_exp8,REV,ALL,ALL,179,102,0,0.006,0.006,0.0,0.017,0.994,0.989,0.994,46,0.978,133,1.0
FREE_c_hyb_exp8,REV,UP,E,179,2,0,0.006,0.006,0.0,0.017,0.994,0.989,0.994,46,0.978,133,1.0
FREE_c_hyb_exp8,REV,UP,ALL,179,102,0,0.006,0.006,0.0,0.017,0.994,0.989,0.994,46,0.978,133,1.0
FREE_c_hyb_exp8,QUANT,ALL,E,179,2,0,0.0,0.0,0.0,0.0,1.0,0.978,1.0,46,1.0,133,1.0
FREE_c_hyb_exp8,QUANT,ALL,ALL,179,102,0,0.0,0.0,0.0,0.0,1.0,0.978,1.0,46,1.0,133,1.0
FREE_c_hyb_exp8,QUANT,UP,E,179,2,0,0.0,0.0,0.0,0.0,1.0,0.978,1.0,46,1.0,133,1.0
FREE_c_hyb_exp8,QUANT,UP,ALL,179,102,0,0.0,0.0,0.0,0.0,1.0,0.978,1.0,46,1.0,133,1.0
FREE_c_hyb_exp8,RESTR,ALL,E,177,2,0,0.0,0.0,0.0,0.0,1.0,0.989,1.0,45,1.0,132,1.0
FREE_c_hyb_exp8,RESTR,ALL,ALL,177,102,0,0.0,0.0,0.0,0.0,1.0,0.989,1.0,45,1.0,132,1.0
FREE_c_hyb_exp8,RESTR,UP,E,177,2,0,0.0,0.0,0.0,0.0,1.0,0.989,1.0,45,1.0,132,1.0
FREE_c_hyb_exp8,RESTR,UP,ALL,177,102,0,0.0,0.0,0.0,0.0,1.0,0.989,1.0,45,1.0,132,1.0
FREE_c_hyb_exp8,CONN,ALL,E,327,3,0,0.003,0.003,0.0,0.009,0.997,0.982,1.0,82,1.0,245,0.996
FREE_c_hyb_exp8,CONN,ALL,ALL,327,203,0,0.003,0.003,0.0,0.009,0.997,0.982,1.0,82,1.0,245,0.996
FREE_c_hyb_exp8,CONN,DOWN,E,140,1,0,0.0,0.0,0.0,0.0,1.0,1.0,1.0,30,1.0,110,1.0
FREE_c_hyb_exp8,CONN,DOWN,ALL,140,101,0,0.0,0.0,0.0,0.0,1.0,1.0,1.0,30,1.0,110,1.0
FREE_c_hyb_exp8,CONN,UP,E,187,2,0,0.005,0.005,0.0,0.016,0.995,0.968,1.0,52,1.0,135,0.993
FREE_c_hyb_exp8,CONN,UP,ALL,187,102,0,0.005,0.005,0.0,0.016,0.995,0.968,1.0,52,1.0,135,0.993
FREE_c_hyb_exp8,MOVE,ALL,E,6,0,0,0.0,0.0,0.0,0.0,1.0,1.0,1.0,1,1.0,5,1.0
FREE_c_hyb_exp8,MOVE,ALL,ALL,6,0,0,0.0,0.0,0.0,0.0,1.0,1.0,1.0,1,1.0,5,1.0
FREE_c_hyb_exp8,MOVE,UP,E,6,0,0,0.0,0.0,0.0,0.0,1.0,1.0,1.0,1,1.0,5,1.0
FREE_c_hyb_exp8,MOVE,UP,ALL,6,0,0,0.0,0.0,0.0,0.0,1.0,1.0,1.0,1,1.0,5,1.0
FREE_c_hyb_exp8,BIND,ALL,E,314,4,0,0.025,0.025,0.009,0.045,0.975,0.939,0.99,81,0.901,233,1.0
FREE_c_hyb_exp8,BIND,ALL,ALL,314,167,0,0.025,0.025,0.009,0.045,0.975,0.939,0.99,81,0.901,233,1.0
FREE_c_hyb_exp8,BIND,DOWN,E,163,2,0,0.006,0.006,0.0,0.018,0.994,0.969,1.0,39,0.974,124,1.0
FREE_c_hyb_exp8,BIND,DOWN,ALL,163,87,0,0.006,0.006,0.0,0.018,0.994,0.969,1.0,39,0.974,124,1.0
FREE_c_hyb_exp8,BIND,UP,E,151,2,0,0.046,0.046,0.013,0.079,0.954,0.907,0.98,42,0.833,109,1.0
FREE_c_hyb_exp8,BIND,UP,ALL,151,80,0,0.046,0.046,0.013,0.079,0.954,0.907,0.98,42,0.833,109,1.0
FREE_c_hyb_exp8,ALL_MUTANTS,ALL,E,2658,30,0,0.027,0.027,0.02,0.036,0.973,0.894,0.995,701,0.904,1957,0.997
FREE_c_hyb_exp8,ALL_MUTANTS,ALL,ALL,2658,1576,0,0.027,0.027,0.02,0.036,0.973,0.894,0.995,701,0.904,1957,0.997
FREE_c_hyb_exp8,ALL_MUTANTS,DOWN,E,1094,12,0,0.028,0.028,0.019,0.039,0.972,0.867,0.996,262,0.893,832,0.996
FREE_c_hyb_exp8,ALL_MUTANTS,DOWN,ALL,1094,659,0,0.028,0.028,0.019,0.039,0.972,0.867,0.996,262,0.893,832,0.996
FREE_c_hyb_exp8,ALL_MUTANTS,UP,E,1564,18,0,0.026,0.026,0.018,0.035,0.974,0.912,0.994,439,0.911,1125,0.998
FREE_c_hyb_exp8,ALL_MUTANTS,UP,ALL,1564,917,0,0.026,0.026,0.018,0.035,0.974,0.912,0.994,439,0.911,1125,0.998
FREE3_exact,ADD_FOREIGN,ALL,E,311,50,0,0.0,0.0,0.0,0.0,1.0,1.0,1.0,49,1.0,262,1.0
FREE3_exact,ADD_FOREIGN,ALL,RCOMP,148,52,0,0.0,0.0,0.0,0.0,1.0,1.0,1.0,2,1.0,146,1.0
FREE3_exact,ADD_FOREIGN,ALL,ALL,459,102,0,0.0,0.0,0.0,0.0,1.0,1.0,1.0,51,1.0,408,1.0
FREE3_exact,ADD_FOREIGN,DOWN,E,155,25,0,0.0,0.0,0.0,0.0,1.0,1.0,1.0,24,1.0,131,1.0
FREE3_exact,ADD_FOREIGN,DOWN,RCOMP,74,26,0,0.0,0.0,0.0,0.0,1.0,1.0,1.0,1,1.0,73,1.0
FREE3_exact,ADD_FOREIGN,DOWN,ALL,229,51,0,0.0,0.0,0.0,0.0,1.0,1.0,1.0,25,1.0,204,1.0
FREE3_exact,ADD_FOREIGN,UP,E,156,25,0,0.0,0.0,0.0,0.0,1.0,1.0,1.0,25,1.0,131,1.0
FREE3_exact,ADD_FOREIGN,UP,RCOMP,74,26,0,0.0,0.0,0.0,0.0,1.0,1.0,1.0,1,1.0,73,1.0
FREE3_exact,ADD_FOREIGN,UP,ALL,230,51,0,0.0,0.0,0.0,0.0,1.0,1.0,1.0,26,1.0,204,1.0
FREE3_exact,ADD_INTERNAL,ALL,E,108,7,0,0.0,0.0,0.0,0.0,1.0,1.0,1.0,14,1.0,94,1.0
FREE3_exact,ADD_INTERNAL,ALL,RCOMP,65,20,0,0.0,0.0,0.0,0.0,1.0,1.0,1.0,1,1.0,64,1.0
FREE3_exact,ADD_INTERNAL,ALL,ALL,173,27,0,0.0,0.0,0.0,0.0,1.0,1.0,1.0,15,1.0,158,1.0
FREE3_exact,ADD_INTERNAL,DOWN,E,57,3,0,0.0,0.0,0.0,0.0,1.0,1.0,1.0,7,1.0,50,1.0
FREE3_exact,ADD_INTERNAL,DOWN,ALL,57,3,0,0.0,0.0,0.0,0.0,1.0,1.0,1.0,7,1.0,50,1.0
FREE3_exact,ADD_INTERNAL,UP,E,51,4,0,0.0,0.0,0.0,0.0,1.0,1.0,1.0,7,1.0,44,1.0
FREE3_exact,ADD_INTERNAL,UP,RCOMP,65,20,0,0.0,0.0,0.0,0.0,1.0,1.0,1.0,1,1.0,64,1.0
FREE3_exact,ADD_INTERNAL,UP,ALL,116,24,0,0.0,0.0,0.0,0.0,1.0,1.0,1.0,8,1.0,108,1.0
FREE3_exact,MEANING_RENAME,ALL,E,276,46,0,0.0,0.0,0.0,0.0,1.0,1.0,1.0,51,1.0,225,1.0
FREE3_exact,MEANING_RENAME,ALL,RCOMP,128,48,0,0.0,0.0,0.0,0.0,1.0,1.0,1.0,1,1.0,127,1.0
FREE3_exact,MEANING_RENAME,ALL,ALL,404,94,0,0.0,0.0,0.0,0.0,1.0,1.0,1.0,52,1.0,352,1.0
FREE3_exact,MEANING_RENAME,DOWN,E,148,23,0,0.0,0.0,0.0,0.0,1.0,1.0,1.0,25,1.0,123,1.0
FREE3_exact,MEANING_RENAME,DOWN,RCOMP,68,25,0,0.0,0.0,0.0,0.0,1.0,1.0,1.0,0,,68,1.0
FREE3_exact,MEANING_RENAME,DOWN,ALL,216,48,0,0.0,0.0,0.0,0.0,1.0,1.0,1.0,25,1.0,191,1.0
FREE3_exact,MEANING_RENAME,UP,E,128,23,0,0.0,0.0,0.0,0.0,1.0,1.0,1.0,26,1.0,102,1.0
FREE3_exact,MEANING_RENAME,UP,RCOMP,60,23,0,0.0,0.0,0.0,0.0,1.0,1.0,1.0,1,1.0,59,1.0
FREE3_exact,MEANING_RENAME,UP,ALL,188,46,0,0.0,0.0,0.0,0.0,1.0,1.0,1.0,27,1.0,161,1.0
FREE3_exact,DROP,ALL,E,163,29,0,0.0,0.0,0.0,0.0,1.0,1.0,1.0,25,1.0,138,1.0
FREE3_exact,DROP,ALL,RCOMP,74,26,0,0.0,0.0,0.0,0.0,1.0,1.0,1.0,1,1.0,73,1.0
FREE3_exact,DROP,ALL,ALL,237,55,0,0.0,0.0,0.0,0.0,1.0,1.0,1.0,26,1.0,211,1.0
FREE3_exact,DROP,DOWN,E,118,23,0,0.0,0.0,0.0,0.0,1.0,1.0,1.0,15,1.0,103,1.0
FREE3_exact,DROP,DOWN,RCOMP,74,26,0,0.0,0.0,0.0,0.0,1.0,1.0,1.0,1,1.0,73,1.0
FREE3_exact,DROP,DOWN,ALL,192,49,0,0.0,0.0,0.0,0.0,1.0,1.0,1.0,16,1.0,176,1.0
FREE3_exact,DROP,UP,E,45,6,0,0.0,0.0,0.0,0.0,1.0,1.0,1.0,10,1.0,35,1.0
FREE3_exact,DROP,UP,ALL,45,6,0,0.0,0.0,0.0,0.0,1.0,1.0,1.0,10,1.0,35,1.0
FREE3_exact,SWAP,ALL,E,104,16,0,0.0,0.0,0.0,0.0,1.0,1.0,1.0,19,1.0,85,1.0
FREE3_exact,SWAP,ALL,RCOMP,92,30,0,0.0,0.0,0.0,0.0,1.0,1.0,1.0,1,1.0,91,1.0
FREE3_exact,SWAP,ALL,ALL,196,46,0,0.0,0.0,0.0,0.0,1.0,1.0,1.0,20,1.0,176,1.0
FREE3_exact,SWAP,DOWN,E,57,8,0,0.0,0.0,0.0,0.0,1.0,1.0,1.0,10,1.0,47,1.0
FREE3_exact,SWAP,DOWN,RCOMP,53,16,0,0.0,0.0,0.0,0.0,1.0,1.0,1.0,0,,53,1.0
FREE3_exact,SWAP,DOWN,ALL,110,24,0,0.0,0.0,0.0,0.0,1.0,1.0,1.0,10,1.0,100,1.0
FREE3_exact,SWAP,UP,E,47,8,0,0.0,0.0,0.0,0.0,1.0,1.0,1.0,9,1.0,38,1.0
FREE3_exact,SWAP,UP,RCOMP,39,14,0,0.0,0.0,0.0,0.0,1.0,1.0,1.0,1,1.0,38,1.0
FREE3_exact,SWAP,UP,ALL,86,22,0,0.0,0.0,0.0,0.0,1.0,1.0,1.0,10,1.0,76,1.0
FREE3_exact,NEG,ALL,E,331,52,0,0.0,0.0,0.0,0.0,1.0,1.0,1.0,61,1.0,270,1.0
FREE3_exact,NEG,ALL,RCOMP,148,52,0,0.0,0.0,0.0,0.0,1.0,1.0,1.0,2,1.0,146,1.0
FREE3_exact,NEG,ALL,ALL,479,104,0,0.0,0.0,0.0,0.0,1.0,1.0,1.0,63,1.0,416,1.0
FREE3_exact,NEG,DOWN,E,158,25,0,0.0,0.0,0.0,0.0,1.0,1.0,1.0,27,1.0,131,1.0
FREE3_exact,NEG,DOWN,RCOMP,74,26,0,0.0,0.0,0.0,0.0,1.0,1.0,1.0,1,1.0,73,1.0
FREE3_exact,NEG,DOWN,ALL,232,51,0,0.0,0.0,0.0,0.0,1.0,1.0,1.0,28,1.0,204,1.0
FREE3_exact,NEG,UP,E,173,27,0,0.0,0.0,0.0,0.0,1.0,1.0,1.0,34,1.0,139,1.0
FREE3_exact,NEG,UP,RCOMP,74,26,0,0.0,0.0,0.0,0.0,1.0,1.0,1.0,1,1.0,73,1.0
FREE3_exact,NEG,UP,ALL,247,53,0,0.0,0.0,0.0,0.0,1.0,1.0,1.0,35,1.0,212,1.0
FREE3_exact,REV,ALL,E,156,25,0,0.0,0.0,0.0,0.0,1.0,1.0,1.0,25,1.0,131,1.0
FREE3_exact,REV,ALL,RCOMP,74,26,0,0.0,0.0,0.0,0.0,1.0,1.0,1.0,1,1.0,73,1.0
FREE3_exact,REV,ALL,ALL,230,51,0,0.0,0.0,0.0,0.0,1.0,1.0,1.0,26,1.0,204,1.0
FREE3_exact,REV,UP,E,156,25,0,0.0,0.0,0.0,0.0,1.0,1.0,1.0,25,1.0,131,1.0
FREE3_exact,REV,UP,RCOMP,74,26,0,0.0,0.0,0.0,0.0,1.0,1.0,1.0,1,1.0,73,1.0
FREE3_exact,REV,UP,ALL,230,51,0,0.0,0.0,0.0,0.0,1.0,1.0,1.0,26,1.0,204,1.0
FREE3_exact,QUANT,ALL,E,156,25,0,0.0,0.0,0.0,0.0,1.0,0.994,1.0,25,1.0,131,1.0
FREE3_exact,QUANT,ALL,RCOMP,74,26,0,0.0,0.0,0.0,0.0,1.0,1.0,1.0,1,1.0,73,1.0
FREE3_exact,QUANT,ALL,ALL,230,51,0,0.0,0.0,0.0,0.0,1.0,0.996,1.0,26,1.0,204,1.0
FREE3_exact,QUANT,UP,E,156,25,0,0.0,0.0,0.0,0.0,1.0,0.994,1.0,25,1.0,131,1.0
FREE3_exact,QUANT,UP,RCOMP,74,26,0,0.0,0.0,0.0,0.0,1.0,1.0,1.0,1,1.0,73,1.0
FREE3_exact,QUANT,UP,ALL,230,51,0,0.0,0.0,0.0,0.0,1.0,0.996,1.0,26,1.0,204,1.0
FREE3_exact,RESTR,ALL,E,154,25,0,0.0,0.0,0.0,0.0,1.0,1.0,1.0,24,1.0,130,1.0
FREE3_exact,RESTR,ALL,RCOMP,74,26,0,0.0,0.0,0.0,0.0,1.0,1.0,1.0,1,1.0,73,1.0
FREE3_exact,RESTR,ALL,ALL,228,51,0,0.0,0.0,0.0,0.0,1.0,1.0,1.0,25,1.0,203,1.0
FREE3_exact,RESTR,UP,E,154,25,0,0.0,0.0,0.0,0.0,1.0,1.0,1.0,24,1.0,130,1.0
FREE3_exact,RESTR,UP,RCOMP,74,26,0,0.0,0.0,0.0,0.0,1.0,1.0,1.0,1,1.0,73,1.0
FREE3_exact,RESTR,UP,ALL,228,51,0,0.0,0.0,0.0,0.0,1.0,1.0,1.0,25,1.0,203,1.0
FREE3_exact,CONN,ALL,E,281,49,0,0.0,0.0,0.0,0.0,1.0,1.0,1.0,44,1.0,237,1.0
FREE3_exact,CONN,ALL,RCOMP,148,52,0,0.0,0.0,0.0,0.0,1.0,1.0,1.0,2,1.0,146,1.0
FREE3_exact,CONN,ALL,ALL,429,101,0,0.0,0.0,0.0,0.0,1.0,1.0,1.0,46,1.0,383,1.0
FREE3_exact,CONN,DOWN,E,118,23,0,0.0,0.0,0.0,0.0,1.0,1.0,1.0,15,1.0,103,1.0
FREE3_exact,CONN,DOWN,RCOMP,74,26,0,0.0,0.0,0.0,0.0,1.0,1.0,1.0,1,1.0,73,1.0
FREE3_exact,CONN,DOWN,ALL,192,49,0,0.0,0.0,0.0,0.0,1.0,1.0,1.0,16,1.0,176,1.0
FREE3_exact,CONN,UP,E,163,26,0,0.0,0.0,0.0,0.0,1.0,1.0,1.0,29,1.0,134,1.0
FREE3_exact,CONN,UP,RCOMP,74,26,0,0.0,0.0,0.0,0.0,1.0,1.0,1.0,1,1.0,73,1.0
FREE3_exact,CONN,UP,ALL,237,52,0,0.0,0.0,0.0,0.0,1.0,1.0,1.0,30,1.0,207,1.0
FREE3_exact,MOVE,ALL,E,6,0,0,0.0,0.0,0.0,0.0,1.0,1.0,1.0,0,,6,1.0
FREE3_exact,MOVE,ALL,ALL,6,0,0,0.0,0.0,0.0,0.0,1.0,1.0,1.0,0,,6,1.0
FREE3_exact,MOVE,UP,E,6,0,0,0.0,0.0,0.0,0.0,1.0,1.0,1.0,0,,6,1.0
FREE3_exact,MOVE,UP,ALL,6,0,0,0.0,0.0,0.0,0.0,1.0,1.0,1.0,0,,6,1.0
FREE3_exact,BIND,ALL,E,272,46,0,0.0,0.0,0.0,0.0,1.0,1.0,1.0,43,1.0,229,1.0
FREE3_exact,BIND,ALL,RCOMP,123,40,0,0.0,0.0,0.0,0.0,1.0,1.0,1.0,2,1.0,121,1.0
FREE3_exact,BIND,ALL,ALL,395,86,0,0.0,0.0,0.0,0.0,1.0,1.0,1.0,45,1.0,350,1.0
FREE3_exact,BIND,DOWN,E,142,23,0,0.0,0.0,0.0,0.0,1.0,1.0,1.0,22,1.0,120,1.0
FREE3_exact,BIND,DOWN,RCOMP,63,22,0,0.0,0.0,0.0,0.0,1.0,1.0,1.0,1,1.0,62,1.0
FREE3_exact,BIND,DOWN,ALL,205,45,0,0.0,0.0,0.0,0.0,1.0,1.0,1.0,23,1.0,182,1.0
FREE3_exact,BIND,UP,E,130,23,0,0.0,0.0,0.0,0.0,1.0,1.0,1.0,21,1.0,109,1.0
FREE3_exact,BIND,UP,RCOMP,60,18,0,0.0,0.0,0.0,0.0,1.0,1.0,1.0,1,1.0,59,1.0
FREE3_exact,BIND,UP,ALL,190,41,0,0.0,0.0,0.0,0.0,1.0,1.0,1.0,22,1.0,168,1.0
FREE3_exact,ALL_MUTANTS,ALL,E,2318,370,0,0.0,0.0,0.0,0.0,1.0,1.0,1.0,380,1.0,1938,1.0
FREE3_exact,ALL_MUTANTS,ALL,RCOMP,1148,398,0,0.0,0.0,0.0,0.0,1.0,1.0,1.0,15,1.0,1133,1.0
FREE3_exact,ALL_MUTANTS,ALL,ALL,3466,768,0,0.0,0.0,0.0,0.0,1.0,1.0,1.0,395,1.0,3071,1.0
FREE3_exact,ALL_MUTANTS,DOWN,E,953,153,0,0.0,0.0,0.0,0.0,1.0,1.0,1.0,145,1.0,808,1.0
FREE3_exact,ALL_MUTANTS,DOWN,RCOMP,480,167,0,0.0,0.0,0.0,0.0,1.0,1.0,1.0,5,1.0,475,1.0
FREE3_exact,ALL_MUTANTS,DOWN,ALL,1433,320,0,0.0,0.0,0.0,0.0,1.0,1.0,1.0,150,1.0,1283,1.0
FREE3_exact,ALL_MUTANTS,UP,E,1365,217,0,0.0,0.0,0.0,0.0,1.0,0.999,1.0,235,1.0,1130,1.0
FREE3_exact,ALL_MUTANTS,UP,RCOMP,668,231,0,0.0,0.0,0.0,0.0,1.0,1.0,1.0,10,1.0,658,1.0
FREE3_exact,ALL_MUTANTS,UP,ALL,2033,448,0,0.0,0.0,0.0,0.0,1.0,1.0,1.0,245,1.0,1788,1.0
FREE3_align,ADD_FOREIGN,ALL,E,311,50,0,0.0,0.0,0.0,0.0,1.0,1.0,1.0,141,1.0,170,1.0
FREE3_align,ADD_FOREIGN,ALL,RCOMP,148,52,0,0.0,0.0,0.0,0.0,1.0,1.0,1.0,36,1.0,112,1.0
FREE3_align,ADD_FOREIGN,ALL,ALL,459,102,0,0.0,0.0,0.0,0.0,1.0,1.0,1.0,177,1.0,282,1.0
FREE3_align,ADD_FOREIGN,DOWN,E,155,25,0,0.0,0.0,0.0,0.0,1.0,1.0,1.0,70,1.0,85,1.0
FREE3_align,ADD_FOREIGN,DOWN,RCOMP,74,26,0,0.0,0.0,0.0,0.0,1.0,1.0,1.0,18,1.0,56,1.0
FREE3_align,ADD_FOREIGN,DOWN,ALL,229,51,0,0.0,0.0,0.0,0.0,1.0,1.0,1.0,88,1.0,141,1.0
FREE3_align,ADD_FOREIGN,UP,E,156,25,0,0.0,0.0,0.0,0.0,1.0,1.0,1.0,71,1.0,85,1.0
FREE3_align,ADD_FOREIGN,UP,RCOMP,74,26,0,0.0,0.0,0.0,0.0,1.0,1.0,1.0,18,1.0,56,1.0
FREE3_align,ADD_FOREIGN,UP,ALL,230,51,0,0.0,0.0,0.0,0.0,1.0,1.0,1.0,89,1.0,141,1.0
FREE3_align,ADD_INTERNAL,ALL,E,108,7,0,0.0,0.0,0.0,0.0,1.0,1.0,1.0,41,1.0,67,1.0
FREE3_align,ADD_INTERNAL,ALL,RCOMP,65,20,0,0.0,0.0,0.0,0.0,1.0,1.0,1.0,16,1.0,49,1.0
FREE3_align,ADD_INTERNAL,ALL,ALL,173,27,0,0.0,0.0,0.0,0.0,1.0,1.0,1.0,57,1.0,116,1.0
FREE3_align,ADD_INTERNAL,DOWN,E,57,3,0,0.0,0.0,0.0,0.0,1.0,1.0,1.0,20,1.0,37,1.0
FREE3_align,ADD_INTERNAL,DOWN,ALL,57,3,0,0.0,0.0,0.0,0.0,1.0,1.0,1.0,20,1.0,37,1.0
FREE3_align,ADD_INTERNAL,UP,E,51,4,0,0.0,0.0,0.0,0.0,1.0,1.0,1.0,21,1.0,30,1.0
FREE3_align,ADD_INTERNAL,UP,RCOMP,65,20,0,0.0,0.0,0.0,0.0,1.0,1.0,1.0,16,1.0,49,1.0
FREE3_align,ADD_INTERNAL,UP,ALL,116,24,0,0.0,0.0,0.0,0.0,1.0,1.0,1.0,37,1.0,79,1.0
FREE3_align,MEANING_RENAME,ALL,E,276,46,0,0.004,0.004,0.0,0.011,0.996,0.996,1.0,139,0.993,137,1.0
FREE3_align,MEANING_RENAME,ALL,RCOMP,128,48,0,0.0,0.0,0.0,0.0,1.0,1.0,1.0,33,1.0,95,1.0
FREE3_align,MEANING_RENAME,ALL,ALL,404,94,0,0.002,0.002,0.0,0.008,0.998,0.998,1.0,172,0.994,232,1.0
FREE3_align,MEANING_RENAME,DOWN,E,148,23,0,0.0,0.0,0.0,0.0,1.0,1.0,1.0,70,1.0,78,1.0
FREE3_align,MEANING_RENAME,DOWN,RCOMP,68,25,0,0.0,0.0,0.0,0.0,1.0,1.0,1.0,17,1.0,51,1.0
FREE3_align,MEANING_RENAME,DOWN,ALL,216,48,0,0.0,0.0,0.0,0.0,1.0,1.0,1.0,87,1.0,129,1.0
FREE3_align,MEANING_RENAME,UP,E,128,23,0,0.008,0.008,0.0,0.023,0.992,0.992,1.0,69,0.986,59,1.0
FREE3_align,MEANING_RENAME,UP,RCOMP,60,23,0,0.0,0.0,0.0,0.0,1.0,1.0,1.0,16,1.0,44,1.0
FREE3_align,MEANING_RENAME,UP,ALL,188,46,0,0.005,0.005,0.0,0.016,0.995,0.995,1.0,85,0.988,103,1.0
FREE3_align,DROP,ALL,E,163,29,0,0.012,0.012,0.0,0.031,0.988,0.988,0.994,77,1.0,86,0.977
FREE3_align,DROP,ALL,RCOMP,74,26,0,0.0,0.0,0.0,0.0,1.0,1.0,1.0,18,1.0,56,1.0
FREE3_align,DROP,ALL,ALL,237,55,0,0.008,0.008,0.0,0.022,0.992,0.992,0.996,95,1.0,142,0.986
FREE3_align,DROP,DOWN,E,118,23,0,0.0,0.0,0.0,0.0,1.0,1.0,1.0,54,1.0,64,1.0
FREE3_align,DROP,DOWN,RCOMP,74,26,0,0.0,0.0,0.0,0.0,1.0,1.0,1.0,18,1.0,56,1.0
FREE3_align,DROP,DOWN,ALL,192,49,0,0.0,0.0,0.0,0.0,1.0,1.0,1.0,72,1.0,120,1.0
FREE3_align,DROP,UP,E,45,6,0,0.044,0.044,0.0,0.111,0.956,0.956,0.978,23,1.0,22,0.909
FREE3_align,DROP,UP,ALL,45,6,0,0.044,0.044,0.0,0.111,0.956,0.956,0.978,23,1.0,22,0.909
FREE3_align,SWAP,ALL,E,104,16,0,0.0,0.0,0.0,0.0,1.0,1.0,1.0,54,1.0,50,1.0
FREE3_align,SWAP,ALL,RCOMP,92,30,0,0.0,0.0,0.0,0.0,1.0,1.0,1.0,22,1.0,70,1.0
FREE3_align,SWAP,ALL,ALL,196,46,0,0.0,0.0,0.0,0.0,1.0,1.0,1.0,76,1.0,120,1.0
FREE3_align,SWAP,DOWN,E,57,8,0,0.0,0.0,0.0,0.0,1.0,1.0,1.0,27,1.0,30,1.0
FREE3_align,SWAP,DOWN,RCOMP,53,16,0,0.0,0.0,0.0,0.0,1.0,1.0,1.0,11,1.0,42,1.0
FREE3_align,SWAP,DOWN,ALL,110,24,0,0.0,0.0,0.0,0.0,1.0,1.0,1.0,38,1.0,72,1.0
FREE3_align,SWAP,UP,E,47,8,0,0.0,0.0,0.0,0.0,1.0,1.0,1.0,27,1.0,20,1.0
FREE3_align,SWAP,UP,RCOMP,39,14,0,0.0,0.0,0.0,0.0,1.0,1.0,1.0,11,1.0,28,1.0
FREE3_align,SWAP,UP,ALL,86,22,0,0.0,0.0,0.0,0.0,1.0,1.0,1.0,38,1.0,48,1.0
FREE3_align,NEG,ALL,E,331,52,0,0.0,0.0,0.0,0.0,1.0,1.0,1.0,159,1.0,172,1.0
FREE3_align,NEG,ALL,RCOMP,148,52,0,0.0,0.0,0.0,0.0,1.0,1.0,1.0,36,1.0,112,1.0
FREE3_align,NEG,ALL,ALL,479,104,0,0.0,0.0,0.0,0.0,1.0,1.0,1.0,195,1.0,284,1.0
FREE3_align,NEG,DOWN,E,158,25,0,0.0,0.0,0.0,0.0,1.0,1.0,1.0,73,1.0,85,1.0
FREE3_align,NEG,DOWN,RCOMP,74,26,0,0.0,0.0,0.0,0.0,1.0,1.0,1.0,18,1.0,56,1.0
FREE3_align,NEG,DOWN,ALL,232,51,0,0.0,0.0,0.0,0.0,1.0,1.0,1.0,91,1.0,141,1.0
FREE3_align,NEG,UP,E,173,27,0,0.0,0.0,0.0,0.0,1.0,1.0,1.0,86,1.0,87,1.0
FREE3_align,NEG,UP,RCOMP,74,26,0,0.0,0.0,0.0,0.0,1.0,1.0,1.0,18,1.0,56,1.0
FREE3_align,NEG,UP,ALL,247,53,0,0.0,0.0,0.0,0.0,1.0,1.0,1.0,104,1.0,143,1.0
FREE3_align,REV,ALL,E,156,25,0,0.0,0.0,0.0,0.0,1.0,0.994,1.0,71,1.0,85,1.0
FREE3_align,REV,ALL,RCOMP,74,26,0,0.0,0.0,0.0,0.0,1.0,1.0,1.0,18,1.0,56,1.0
FREE3_align,REV,ALL,ALL,230,51,0,0.0,0.0,0.0,0.0,1.0,0.996,1.0,89,1.0,141,1.0
FREE3_align,REV,UP,E,156,25,0,0.0,0.0,0.0,0.0,1.0,0.994,1.0,71,1.0,85,1.0
FREE3_align,REV,UP,RCOMP,74,26,0,0.0,0.0,0.0,0.0,1.0,1.0,1.0,18,1.0,56,1.0
FREE3_align,REV,UP,ALL,230,51,0,0.0,0.0,0.0,0.0,1.0,0.996,1.0,89,1.0,141,1.0
FREE3_align,QUANT,ALL,E,156,25,0,0.0,0.0,0.0,0.0,1.0,0.974,1.0,71,1.0,85,1.0
FREE3_align,QUANT,ALL,RCOMP,74,26,0,0.0,0.0,0.0,0.0,1.0,1.0,1.0,18,1.0,56,1.0
FREE3_align,QUANT,ALL,ALL,230,51,0,0.0,0.0,0.0,0.0,1.0,0.983,1.0,89,1.0,141,1.0
FREE3_align,QUANT,UP,E,156,25,0,0.0,0.0,0.0,0.0,1.0,0.974,1.0,71,1.0,85,1.0
FREE3_align,QUANT,UP,RCOMP,74,26,0,0.0,0.0,0.0,0.0,1.0,1.0,1.0,18,1.0,56,1.0
FREE3_align,QUANT,UP,ALL,230,51,0,0.0,0.0,0.0,0.0,1.0,0.983,1.0,89,1.0,141,1.0
FREE3_align,RESTR,ALL,E,154,25,0,0.0,0.0,0.0,0.0,1.0,0.987,1.0,70,1.0,84,1.0
FREE3_align,RESTR,ALL,RCOMP,74,26,0,0.0,0.0,0.0,0.0,1.0,1.0,1.0,18,1.0,56,1.0
FREE3_align,RESTR,ALL,ALL,228,51,0,0.0,0.0,0.0,0.0,1.0,0.991,1.0,88,1.0,140,1.0
FREE3_align,RESTR,UP,E,154,25,0,0.0,0.0,0.0,0.0,1.0,0.987,1.0,70,1.0,84,1.0
FREE3_align,RESTR,UP,RCOMP,74,26,0,0.0,0.0,0.0,0.0,1.0,1.0,1.0,18,1.0,56,1.0
FREE3_align,RESTR,UP,ALL,228,51,0,0.0,0.0,0.0,0.0,1.0,0.991,1.0,88,1.0,140,1.0
FREE3_align,CONN,ALL,E,281,49,0,0.004,0.004,0.0,0.011,0.996,0.996,1.0,131,1.0,150,0.993
FREE3_align,CONN,ALL,RCOMP,148,52,0,0.0,0.0,0.0,0.0,1.0,1.0,1.0,36,1.0,112,1.0
FREE3_align,CONN,ALL,ALL,429,101,0,0.002,0.002,0.0,0.007,0.998,0.998,1.0,167,1.0,262,0.996
FREE3_align,CONN,DOWN,E,118,23,0,0.0,0.0,0.0,0.0,1.0,1.0,1.0,54,1.0,64,1.0
FREE3_align,CONN,DOWN,RCOMP,74,26,0,0.0,0.0,0.0,0.0,1.0,1.0,1.0,18,1.0,56,1.0
FREE3_align,CONN,DOWN,ALL,192,49,0,0.0,0.0,0.0,0.0,1.0,1.0,1.0,72,1.0,120,1.0
FREE3_align,CONN,UP,E,163,26,0,0.006,0.006,0.0,0.018,0.994,0.994,1.0,77,1.0,86,0.988
FREE3_align,CONN,UP,RCOMP,74,26,0,0.0,0.0,0.0,0.0,1.0,1.0,1.0,18,1.0,56,1.0
FREE3_align,CONN,UP,ALL,237,52,0,0.004,0.004,0.0,0.013,0.996,0.996,1.0,95,1.0,142,0.993
FREE3_align,MOVE,ALL,E,6,0,0,0.0,0.0,0.0,0.0,1.0,1.0,1.0,1,1.0,5,1.0
FREE3_align,MOVE,ALL,ALL,6,0,0,0.0,0.0,0.0,0.0,1.0,1.0,1.0,1,1.0,5,1.0
FREE3_align,MOVE,UP,E,6,0,0,0.0,0.0,0.0,0.0,1.0,1.0,1.0,1,1.0,5,1.0
FREE3_align,MOVE,UP,ALL,6,0,0,0.0,0.0,0.0,0.0,1.0,1.0,1.0,1,1.0,5,1.0
FREE3_align,BIND,ALL,E,272,46,0,0.0,0.0,0.0,0.0,1.0,1.0,1.0,128,1.0,144,1.0
FREE3_align,BIND,ALL,RCOMP,123,40,0,0.0,0.0,0.0,0.0,1.0,1.0,1.0,29,1.0,94,1.0
FREE3_align,BIND,ALL,ALL,395,86,0,0.0,0.0,0.0,0.0,1.0,1.0,1.0,157,1.0,238,1.0
FREE3_align,BIND,DOWN,E,142,23,0,0.0,0.0,0.0,0.0,1.0,1.0,1.0,63,1.0,79,1.0
FREE3_align,BIND,DOWN,RCOMP,63,22,0,0.0,0.0,0.0,0.0,1.0,1.0,1.0,13,1.0,50,1.0
FREE3_align,BIND,DOWN,ALL,205,45,0,0.0,0.0,0.0,0.0,1.0,1.0,1.0,76,1.0,129,1.0
FREE3_align,BIND,UP,E,130,23,0,0.0,0.0,0.0,0.0,1.0,1.0,1.0,65,1.0,65,1.0
FREE3_align,BIND,UP,RCOMP,60,18,0,0.0,0.0,0.0,0.0,1.0,1.0,1.0,16,1.0,44,1.0
FREE3_align,BIND,UP,ALL,190,41,0,0.0,0.0,0.0,0.0,1.0,1.0,1.0,81,1.0,109,1.0
FREE3_align,ALL_MUTANTS,ALL,E,2318,370,0,0.002,0.002,0.0,0.004,0.998,0.995,1.0,1083,0.999,1235,0.998
FREE3_align,ALL_MUTANTS,ALL,RCOMP,1148,398,0,0.0,0.0,0.0,0.0,1.0,1.0,1.0,280,1.0,868,1.0
FREE3_align,ALL_MUTANTS,ALL,ALL,3466,768,0,0.001,0.001,0.0,0.002,0.999,0.997,1.0,1363,0.999,2103,0.999
FREE3_align,ALL_MUTANTS,DOWN,E,953,153,0,0.0,0.0,0.0,0.0,1.0,1.0,1.0,431,1.0,522,1.0
FREE3_align,ALL_MUTANTS,DOWN,RCOMP,480,167,0,0.0,0.0,0.0,0.0,1.0,1.0,1.0,113,1.0,367,1.0
FREE3_align,ALL_MUTANTS,DOWN,ALL,1433,320,0,0.0,0.0,0.0,0.0,1.0,1.0,1.0,544,1.0,889,1.0
FREE3_align,ALL_MUTANTS,UP,E,1365,217,0,0.003,0.003,0.001,0.006,0.997,0.992,0.999,652,0.998,713,0.996
FREE3_align,ALL_MUTANTS,UP,RCOMP,668,231,0,0.0,0.0,0.0,0.0,1.0,1.0,1.0,167,1.0,501,1.0
FREE3_align,ALL_MUTANTS,UP,ALL,2033,448,0,0.002,0.002,0.0,0.004,0.998,0.995,1.0,819,0.999,1214,0.998
FREE3_lc,ADD_FOREIGN,ALL,E,311,50,0,0.0,0.0,0.0,0.0,1.0,1.0,1.0,49,1.0,262,1.0
FREE3_lc,ADD_FOREIGN,ALL,RCOMP,148,52,0,0.0,0.0,0.0,0.0,1.0,1.0,1.0,2,1.0,146,1.0
FREE3_lc,ADD_FOREIGN,ALL,ALL,459,102,0,0.0,0.0,0.0,0.0,1.0,1.0,1.0,51,1.0,408,1.0
FREE3_lc,ADD_FOREIGN,DOWN,E,155,25,0,0.0,0.0,0.0,0.0,1.0,1.0,1.0,24,1.0,131,1.0
FREE3_lc,ADD_FOREIGN,DOWN,RCOMP,74,26,0,0.0,0.0,0.0,0.0,1.0,1.0,1.0,1,1.0,73,1.0
FREE3_lc,ADD_FOREIGN,DOWN,ALL,229,51,0,0.0,0.0,0.0,0.0,1.0,1.0,1.0,25,1.0,204,1.0
FREE3_lc,ADD_FOREIGN,UP,E,156,25,0,0.0,0.0,0.0,0.0,1.0,1.0,1.0,25,1.0,131,1.0
FREE3_lc,ADD_FOREIGN,UP,RCOMP,74,26,0,0.0,0.0,0.0,0.0,1.0,1.0,1.0,1,1.0,73,1.0
FREE3_lc,ADD_FOREIGN,UP,ALL,230,51,0,0.0,0.0,0.0,0.0,1.0,1.0,1.0,26,1.0,204,1.0
FREE3_lc,ADD_INTERNAL,ALL,E,108,7,0,0.0,0.0,0.0,0.0,1.0,1.0,1.0,14,1.0,94,1.0
FREE3_lc,ADD_INTERNAL,ALL,RCOMP,65,20,0,0.0,0.0,0.0,0.0,1.0,1.0,1.0,1,1.0,64,1.0
FREE3_lc,ADD_INTERNAL,ALL,ALL,173,27,0,0.0,0.0,0.0,0.0,1.0,1.0,1.0,15,1.0,158,1.0
FREE3_lc,ADD_INTERNAL,DOWN,E,57,3,0,0.0,0.0,0.0,0.0,1.0,1.0,1.0,7,1.0,50,1.0
FREE3_lc,ADD_INTERNAL,DOWN,ALL,57,3,0,0.0,0.0,0.0,0.0,1.0,1.0,1.0,7,1.0,50,1.0
FREE3_lc,ADD_INTERNAL,UP,E,51,4,0,0.0,0.0,0.0,0.0,1.0,1.0,1.0,7,1.0,44,1.0
FREE3_lc,ADD_INTERNAL,UP,RCOMP,65,20,0,0.0,0.0,0.0,0.0,1.0,1.0,1.0,1,1.0,64,1.0
FREE3_lc,ADD_INTERNAL,UP,ALL,116,24,0,0.0,0.0,0.0,0.0,1.0,1.0,1.0,8,1.0,108,1.0
FREE3_lc,MEANING_RENAME,ALL,E,276,46,0,0.0,0.0,0.0,0.0,1.0,1.0,1.0,52,1.0,224,1.0
FREE3_lc,MEANING_RENAME,ALL,RCOMP,128,48,0,0.0,0.0,0.0,0.0,1.0,1.0,1.0,1,1.0,127,1.0
FREE3_lc,MEANING_RENAME,ALL,ALL,404,94,0,0.0,0.0,0.0,0.0,1.0,1.0,1.0,53,1.0,351,1.0
FREE3_lc,MEANING_RENAME,DOWN,E,148,23,0,0.0,0.0,0.0,0.0,1.0,1.0,1.0,25,1.0,123,1.0
FREE3_lc,MEANING_RENAME,DOWN,RCOMP,68,25,0,0.0,0.0,0.0,0.0,1.0,1.0,1.0,0,,68,1.0
FREE3_lc,MEANING_RENAME,DOWN,ALL,216,48,0,0.0,0.0,0.0,0.0,1.0,1.0,1.0,25,1.0,191,1.0
FREE3_lc,MEANING_RENAME,UP,E,128,23,0,0.0,0.0,0.0,0.0,1.0,1.0,1.0,27,1.0,101,1.0
FREE3_lc,MEANING_RENAME,UP,RCOMP,60,23,0,0.0,0.0,0.0,0.0,1.0,1.0,1.0,1,1.0,59,1.0
FREE3_lc,MEANING_RENAME,UP,ALL,188,46,0,0.0,0.0,0.0,0.0,1.0,1.0,1.0,28,1.0,160,1.0
FREE3_lc,DROP,ALL,E,163,29,0,0.0,0.0,0.0,0.0,1.0,1.0,1.0,25,1.0,138,1.0
FREE3_lc,DROP,ALL,RCOMP,74,26,0,0.0,0.0,0.0,0.0,1.0,1.0,1.0,1,1.0,73,1.0
FREE3_lc,DROP,ALL,ALL,237,55,0,0.0,0.0,0.0,0.0,1.0,1.0,1.0,26,1.0,211,1.0
FREE3_lc,DROP,DOWN,E,118,23,0,0.0,0.0,0.0,0.0,1.0,1.0,1.0,15,1.0,103,1.0
FREE3_lc,DROP,DOWN,RCOMP,74,26,0,0.0,0.0,0.0,0.0,1.0,1.0,1.0,1,1.0,73,1.0
FREE3_lc,DROP,DOWN,ALL,192,49,0,0.0,0.0,0.0,0.0,1.0,1.0,1.0,16,1.0,176,1.0
FREE3_lc,DROP,UP,E,45,6,0,0.0,0.0,0.0,0.0,1.0,1.0,1.0,10,1.0,35,1.0
FREE3_lc,DROP,UP,ALL,45,6,0,0.0,0.0,0.0,0.0,1.0,1.0,1.0,10,1.0,35,1.0
FREE3_lc,SWAP,ALL,E,104,16,0,0.0,0.0,0.0,0.0,1.0,1.0,1.0,20,1.0,84,1.0
FREE3_lc,SWAP,ALL,RCOMP,92,30,0,0.0,0.0,0.0,0.0,1.0,1.0,1.0,1,1.0,91,1.0
FREE3_lc,SWAP,ALL,ALL,196,46,0,0.0,0.0,0.0,0.0,1.0,1.0,1.0,21,1.0,175,1.0
FREE3_lc,SWAP,DOWN,E,57,8,0,0.0,0.0,0.0,0.0,1.0,1.0,1.0,10,1.0,47,1.0
FREE3_lc,SWAP,DOWN,RCOMP,53,16,0,0.0,0.0,0.0,0.0,1.0,1.0,1.0,0,,53,1.0
FREE3_lc,SWAP,DOWN,ALL,110,24,0,0.0,0.0,0.0,0.0,1.0,1.0,1.0,10,1.0,100,1.0
FREE3_lc,SWAP,UP,E,47,8,0,0.0,0.0,0.0,0.0,1.0,1.0,1.0,10,1.0,37,1.0
FREE3_lc,SWAP,UP,RCOMP,39,14,0,0.0,0.0,0.0,0.0,1.0,1.0,1.0,1,1.0,38,1.0
FREE3_lc,SWAP,UP,ALL,86,22,0,0.0,0.0,0.0,0.0,1.0,1.0,1.0,11,1.0,75,1.0
FREE3_lc,NEG,ALL,E,331,52,0,0.0,0.0,0.0,0.0,1.0,1.0,1.0,62,1.0,269,1.0
FREE3_lc,NEG,ALL,RCOMP,148,52,0,0.0,0.0,0.0,0.0,1.0,1.0,1.0,2,1.0,146,1.0
FREE3_lc,NEG,ALL,ALL,479,104,0,0.0,0.0,0.0,0.0,1.0,1.0,1.0,64,1.0,415,1.0
FREE3_lc,NEG,DOWN,E,158,25,0,0.0,0.0,0.0,0.0,1.0,1.0,1.0,27,1.0,131,1.0
FREE3_lc,NEG,DOWN,RCOMP,74,26,0,0.0,0.0,0.0,0.0,1.0,1.0,1.0,1,1.0,73,1.0
FREE3_lc,NEG,DOWN,ALL,232,51,0,0.0,0.0,0.0,0.0,1.0,1.0,1.0,28,1.0,204,1.0
FREE3_lc,NEG,UP,E,173,27,0,0.0,0.0,0.0,0.0,1.0,1.0,1.0,35,1.0,138,1.0
FREE3_lc,NEG,UP,RCOMP,74,26,0,0.0,0.0,0.0,0.0,1.0,1.0,1.0,1,1.0,73,1.0
FREE3_lc,NEG,UP,ALL,247,53,0,0.0,0.0,0.0,0.0,1.0,1.0,1.0,36,1.0,211,1.0
FREE3_lc,REV,ALL,E,156,25,0,0.0,0.0,0.0,0.0,1.0,1.0,1.0,25,1.0,131,1.0
FREE3_lc,REV,ALL,RCOMP,74,26,0,0.0,0.0,0.0,0.0,1.0,1.0,1.0,1,1.0,73,1.0
FREE3_lc,REV,ALL,ALL,230,51,0,0.0,0.0,0.0,0.0,1.0,1.0,1.0,26,1.0,204,1.0
FREE3_lc,REV,UP,E,156,25,0,0.0,0.0,0.0,0.0,1.0,1.0,1.0,25,1.0,131,1.0
FREE3_lc,REV,UP,RCOMP,74,26,0,0.0,0.0,0.0,0.0,1.0,1.0,1.0,1,1.0,73,1.0
FREE3_lc,REV,UP,ALL,230,51,0,0.0,0.0,0.0,0.0,1.0,1.0,1.0,26,1.0,204,1.0
FREE3_lc,QUANT,ALL,E,156,25,0,0.0,0.0,0.0,0.0,1.0,0.994,1.0,25,1.0,131,1.0
FREE3_lc,QUANT,ALL,RCOMP,74,26,0,0.0,0.0,0.0,0.0,1.0,1.0,1.0,1,1.0,73,1.0
FREE3_lc,QUANT,ALL,ALL,230,51,0,0.0,0.0,0.0,0.0,1.0,0.996,1.0,26,1.0,204,1.0
FREE3_lc,QUANT,UP,E,156,25,0,0.0,0.0,0.0,0.0,1.0,0.994,1.0,25,1.0,131,1.0
FREE3_lc,QUANT,UP,RCOMP,74,26,0,0.0,0.0,0.0,0.0,1.0,1.0,1.0,1,1.0,73,1.0
FREE3_lc,QUANT,UP,ALL,230,51,0,0.0,0.0,0.0,0.0,1.0,0.996,1.0,26,1.0,204,1.0
FREE3_lc,RESTR,ALL,E,154,25,0,0.0,0.0,0.0,0.0,1.0,1.0,1.0,24,1.0,130,1.0
FREE3_lc,RESTR,ALL,RCOMP,74,26,0,0.0,0.0,0.0,0.0,1.0,1.0,1.0,1,1.0,73,1.0
FREE3_lc,RESTR,ALL,ALL,228,51,0,0.0,0.0,0.0,0.0,1.0,1.0,1.0,25,1.0,203,1.0
FREE3_lc,RESTR,UP,E,154,25,0,0.0,0.0,0.0,0.0,1.0,1.0,1.0,24,1.0,130,1.0
FREE3_lc,RESTR,UP,RCOMP,74,26,0,0.0,0.0,0.0,0.0,1.0,1.0,1.0,1,1.0,73,1.0
FREE3_lc,RESTR,UP,ALL,228,51,0,0.0,0.0,0.0,0.0,1.0,1.0,1.0,25,1.0,203,1.0
FREE3_lc,CONN,ALL,E,281,49,0,0.0,0.0,0.0,0.0,1.0,1.0,1.0,44,1.0,237,1.0
FREE3_lc,CONN,ALL,RCOMP,148,52,0,0.0,0.0,0.0,0.0,1.0,1.0,1.0,2,1.0,146,1.0
FREE3_lc,CONN,ALL,ALL,429,101,0,0.0,0.0,0.0,0.0,1.0,1.0,1.0,46,1.0,383,1.0
FREE3_lc,CONN,DOWN,E,118,23,0,0.0,0.0,0.0,0.0,1.0,1.0,1.0,15,1.0,103,1.0
FREE3_lc,CONN,DOWN,RCOMP,74,26,0,0.0,0.0,0.0,0.0,1.0,1.0,1.0,1,1.0,73,1.0
FREE3_lc,CONN,DOWN,ALL,192,49,0,0.0,0.0,0.0,0.0,1.0,1.0,1.0,16,1.0,176,1.0
FREE3_lc,CONN,UP,E,163,26,0,0.0,0.0,0.0,0.0,1.0,1.0,1.0,29,1.0,134,1.0
FREE3_lc,CONN,UP,RCOMP,74,26,0,0.0,0.0,0.0,0.0,1.0,1.0,1.0,1,1.0,73,1.0
FREE3_lc,CONN,UP,ALL,237,52,0,0.0,0.0,0.0,0.0,1.0,1.0,1.0,30,1.0,207,1.0
FREE3_lc,MOVE,ALL,E,6,0,0,0.0,0.0,0.0,0.0,1.0,1.0,1.0,0,,6,1.0
FREE3_lc,MOVE,ALL,ALL,6,0,0,0.0,0.0,0.0,0.0,1.0,1.0,1.0,0,,6,1.0
FREE3_lc,MOVE,UP,E,6,0,0,0.0,0.0,0.0,0.0,1.0,1.0,1.0,0,,6,1.0
FREE3_lc,MOVE,UP,ALL,6,0,0,0.0,0.0,0.0,0.0,1.0,1.0,1.0,0,,6,1.0
FREE3_lc,BIND,ALL,E,272,46,0,0.0,0.0,0.0,0.0,1.0,1.0,1.0,44,1.0,228,1.0
FREE3_lc,BIND,ALL,RCOMP,123,40,0,0.0,0.0,0.0,0.0,1.0,1.0,1.0,2,1.0,121,1.0
FREE3_lc,BIND,ALL,ALL,395,86,0,0.0,0.0,0.0,0.0,1.0,1.0,1.0,46,1.0,349,1.0
FREE3_lc,BIND,DOWN,E,142,23,0,0.0,0.0,0.0,0.0,1.0,1.0,1.0,22,1.0,120,1.0
FREE3_lc,BIND,DOWN,RCOMP,63,22,0,0.0,0.0,0.0,0.0,1.0,1.0,1.0,1,1.0,62,1.0
FREE3_lc,BIND,DOWN,ALL,205,45,0,0.0,0.0,0.0,0.0,1.0,1.0,1.0,23,1.0,182,1.0
FREE3_lc,BIND,UP,E,130,23,0,0.0,0.0,0.0,0.0,1.0,1.0,1.0,22,1.0,108,1.0
FREE3_lc,BIND,UP,RCOMP,60,18,0,0.0,0.0,0.0,0.0,1.0,1.0,1.0,1,1.0,59,1.0
FREE3_lc,BIND,UP,ALL,190,41,0,0.0,0.0,0.0,0.0,1.0,1.0,1.0,23,1.0,167,1.0
FREE3_lc,ALL_MUTANTS,ALL,E,2318,370,0,0.0,0.0,0.0,0.0,1.0,1.0,1.0,384,1.0,1934,1.0
FREE3_lc,ALL_MUTANTS,ALL,RCOMP,1148,398,0,0.0,0.0,0.0,0.0,1.0,1.0,1.0,15,1.0,1133,1.0
FREE3_lc,ALL_MUTANTS,ALL,ALL,3466,768,0,0.0,0.0,0.0,0.0,1.0,1.0,1.0,399,1.0,3067,1.0
FREE3_lc,ALL_MUTANTS,DOWN,E,953,153,0,0.0,0.0,0.0,0.0,1.0,1.0,1.0,145,1.0,808,1.0
FREE3_lc,ALL_MUTANTS,DOWN,RCOMP,480,167,0,0.0,0.0,0.0,0.0,1.0,1.0,1.0,5,1.0,475,1.0
FREE3_lc,ALL_MUTANTS,DOWN,ALL,1433,320,0,0.0,0.0,0.0,0.0,1.0,1.0,1.0,150,1.0,1283,1.0
FREE3_lc,ALL_MUTANTS,UP,E,1365,217,0,0.0,0.0,0.0,0.0,1.0,0.999,1.0,239,1.0,1126,1.0
FREE3_lc,ALL_MUTANTS,UP,RCOMP,668,231,0,0.0,0.0,0.0,0.0,1.0,1.0,1.0,10,1.0,658,1.0
FREE3_lc,ALL_MUTANTS,UP,ALL,2033,448,0,0.0,0.0,0.0,0.0,1.0,1.0,1.0,249,1.0,1784,1.0
JUDGE_flashlite_disg_exp8,ADD_FOREIGN,ALL,E,361,0,0,0.078,0.078,0.053,0.105,0.922,0.834,0.997,235,0.885,126,0.992
JUDGE_flashlite_disg_exp8,ADD_FOREIGN,ALL,RCOMP,200,0,0,0.04,0.04,0.015,0.075,0.96,0.79,1.0,66,0.909,134,0.985
JUDGE_flashlite_disg_exp8,ADD_FOREIGN,ALL,ALL,561,0,0,0.064,0.064,0.045,0.085,0.936,0.818,0.998,301,0.89,260,0.988
JUDGE_flashlite_disg_exp8,ADD_FOREIGN,DOWN,E,180,0,0,0.128,0.128,0.083,0.178,0.872,0.739,0.994,117,0.812,63,0.984
JUDGE_flashlite_disg_exp8,ADD_FOREIGN,DOWN,RCOMP,100,0,0,0.05,0.05,0.01,0.1,0.95,0.78,1.0,33,0.879,67,0.985
JUDGE_flashlite_disg_exp8,ADD_FOREIGN,DOWN,ALL,280,0,0,0.1,0.1,0.068,0.136,0.9,0.754,0.996,150,0.827,130,0.985
JUDGE_flashlite_disg_exp8,ADD_FOREIGN,UP,E,181,0,0,0.028,0.028,0.006,0.05,0.972,0.928,1.0,118,0.958,63,1.0
JUDGE_flashlite_disg_exp8,ADD_FOREIGN,UP,RCOMP,100,0,0,0.03,0.03,0.0,0.07,0.97,0.8,1.0,33,0.939,67,0.985
JUDGE_flashlite_disg_exp8,ADD_FOREIGN,UP,ALL,281,0,0,0.028,0.028,0.011,0.05,0.972,0.883,1.0,151,0.954,130,0.992
JUDGE_flashlite_disg_exp8,ADD_INTERNAL,ALL,E,115,0,0,0.035,0.035,0.008,0.07,0.965,0.809,1.0,73,0.945,42,1.0
JUDGE_flashlite_disg_exp8,ADD_INTERNAL,ALL,RCOMP,85,0,0,0.012,0.012,0.0,0.035,0.988,0.918,1.0,27,0.963,58,1.0
JUDGE_flashlite_disg_exp8,ADD_INTERNAL,ALL,ALL,200,0,0,0.025,0.025,0.005,0.047,0.975,0.855,1.0,100,0.95,100,1.0
JUDGE_flashlite_disg_exp8,ADD_INTERNAL,DOWN,E,60,0,0,0.05,0.05,0.0,0.117,0.95,0.8,1.0,39,0.923,21,1.0
JUDGE_flashlite_disg_exp8,ADD_INTERNAL,DOWN,ALL,60,0,0,0.05,0.05,0.0,0.117,0.95,0.8,1.0,39,0.923,21,1.0
JUDGE_flashlite_disg_exp8,ADD_INTERNAL,UP,E,55,0,0,0.018,0.018,0.0,0.055,0.982,0.818,1.0,34,0.971,21,1.0
JUDGE_flashlite_disg_exp8,ADD_INTERNAL,UP,RCOMP,85,0,0,0.012,0.012,0.0,0.035,0.988,0.918,1.0,27,0.963,58,1.0
JUDGE_flashlite_disg_exp8,ADD_INTERNAL,UP,ALL,140,0,0,0.014,0.014,0.0,0.036,0.986,0.879,1.0,61,0.967,79,1.0
JUDGE_flashlite_disg_exp8,MEANING_RENAME,ALL,E,322,0,0,0.298,0.298,0.245,0.355,0.702,0.621,0.966,213,0.563,109,0.972
JUDGE_flashlite_disg_exp8,MEANING_RENAME,ALL,RCOMP,176,0,0,0.119,0.119,0.073,0.171,0.881,0.602,1.0,58,0.707,118,0.966
JUDGE_flashlite_disg_exp8,MEANING_RENAME,ALL,ALL,498,0,0,0.235,0.235,0.195,0.275,0.765,0.614,0.978,271,0.594,227,0.969
JUDGE_flashlite_disg_exp8,MEANING_RENAME,DOWN,E,171,0,0,0.298,0.298,0.228,0.368,0.702,0.596,0.965,111,0.559,60,0.967
JUDGE_flashlite_disg_exp8,MEANING_RENAME,DOWN,RCOMP,93,0,0,0.172,0.172,0.108,0.247,0.828,0.527,1.0,31,0.581,62,0.952
JUDGE_flashlite_disg_exp8,MEANING_RENAME,DOWN,ALL,264,0,0,0.254,0.254,0.205,0.307,0.746,0.572,0.977,142,0.563,122,0.959
JUDGE_flashlite_disg_exp8,MEANING_RENAME,UP,E,151,0,0,0.298,0.298,0.225,0.371,0.702,0.649,0.967,102,0.569,49,0.98
JUDGE_flashlite_disg_exp8,MEANING_RENAME,UP,RCOMP,83,0,0,0.06,0.06,0.012,0.12,0.94,0.687,1.0,27,0.852,56,0.982
JUDGE_flashlite_disg_exp8,MEANING_RENAME,UP,ALL,234,0,0,0.214,0.214,0.167,0.265,0.786,0.662,0.979,129,0.628,105,0.981
JUDGE_flashlite_disg_exp8,DROP,ALL,E,192,0,0,0.224,0.224,0.166,0.283,0.776,0.604,0.974,123,0.675,69,0.957
JUDGE_flashlite_disg_exp8,DROP,ALL,RCOMP,100,0,0,0.08,0.08,0.03,0.14,0.92,0.57,1.0,33,0.788,67,0.985
JUDGE_flashlite_disg_exp8,DROP,ALL,ALL,292,0,0,0.175,0.175,0.131,0.219,0.825,0.592,0.983,156,0.699,136,0.971
JUDGE_flashlite_disg_exp8,DROP,DOWN,E,141,0,0,0.27,0.27,0.199,0.34,0.73,0.546,0.972,91,0.615,50,0.94
JUDGE_flashlite_disg_exp8,DROP,DOWN,RCOMP,100,0,0,0.08,0.08,0.03,0.14,0.92,0.57,1.0,33,0.788,67,0.985
JUDGE_flashlite_disg_exp8,DROP,DOWN,ALL,241,0,0,0.191,0.191,0.141,0.241,0.809,0.556,0.983,124,0.661,117,0.966
JUDGE_flashlite_disg_exp8,DROP,UP,E,51,0,0,0.098,0.098,0.02,0.176,0.902,0.765,0.98,32,0.844,19,1.0
JUDGE_flashlite_disg_exp8,DROP,UP,ALL,51,0,0,0.098,0.098,0.02,0.176,0.902,0.765,0.98,32,0.844,19,1.0
JUDGE_flashlite_disg_exp8,SWAP,ALL,E,120,0,0,0.3,0.3,0.22,0.391,0.7,0.633,0.967,67,0.493,53,0.962
JUDGE_flashlite_disg_exp8,SWAP,ALL,RCOMP,122,0,0,0.205,0.205,0.13,0.29,0.795,0.484,1.0,42,0.405,80,1.0
JUDGE_flashlite_disg_exp8,SWAP,ALL,ALL,242,0,0,0.252,0.252,0.195,0.31,0.748,0.558,0.983,109,0.459,133,0.985
JUDGE_flashlite_disg_exp8,SWAP,DOWN,E,65,0,0,0.354,0.354,0.231,0.477,0.646,0.615,0.985,36,0.417,29,0.931
JUDGE_flashlite_disg_exp8,SWAP,DOWN,RCOMP,69,0,0,0.232,0.232,0.145,0.333,0.768,0.449,1.0,24,0.333,45,1.0
JUDGE_flashlite_disg_exp8,SWAP,DOWN,ALL,134,0,0,0.291,0.291,0.216,0.366,0.709,0.53,0.993,60,0.383,74,0.973
JUDGE_flashlite_disg_exp8,SWAP,UP,E,55,0,0,0.236,0.236,0.127,0.364,0.764,0.655,0.945,31,0.581,24,1.0
JUDGE_flashlite_disg_exp8,SWAP,UP,RCOMP,53,0,0,0.17,0.17,0.075,0.283,0.83,0.528,1.0,18,0.5,35,1.0
JUDGE_flashlite_disg_exp8,SWAP,UP,ALL,108,0,0,0.204,0.204,0.13,0.278,0.796,0.593,0.972,49,0.551,59,1.0
JUDGE_flashlite_disg_exp8,NEG,ALL,E,383,0,0,0.07,0.07,0.044,0.099,0.93,0.888,0.995,256,0.895,127,1.0
JUDGE_flashlite_disg_exp8,NEG,ALL,RCOMP,200,0,0,0.025,0.025,0.005,0.055,0.975,0.82,1.0,66,0.939,134,0.993
JUDGE_flashlite_disg_exp8,NEG,ALL,ALL,583,0,0,0.055,0.055,0.036,0.075,0.945,0.864,0.997,322,0.904,261,0.996
JUDGE_flashlite_disg_exp8,NEG,DOWN,E,183,0,0,0.077,0.077,0.044,0.115,0.923,0.885,0.995,120,0.883,63,1.0
JUDGE_flashlite_disg_exp8,NEG,DOWN,RCOMP,100,0,0,0.01,0.01,0.0,0.03,0.99,0.86,1.0,33,0.97,67,1.0
JUDGE_flashlite_disg_exp8,NEG,DOWN,ALL,283,0,0,0.053,0.053,0.028,0.078,0.947,0.876,0.996,153,0.902,130,1.0
JUDGE_flashlite_disg_exp8,NEG,UP,E,200,0,0,0.065,0.065,0.03,0.1,0.935,0.89,0.995,136,0.904,64,1.0
JUDGE_flashlite_disg_exp8,NEG,UP,RCOMP,100,0,0,0.04,0.04,0.01,0.08,0.96,0.78,1.0,33,0.909,67,0.985
JUDGE_flashlite_disg_exp8,NEG,UP,ALL,300,0,0,0.057,0.057,0.03,0.083,0.943,0.853,0.997,169,0.905,131,0.992
JUDGE_flashlite_disg_exp8,REV,ALL,E,181,0,0,0.022,0.022,0.006,0.044,0.978,0.84,1.0,118,0.966,63,1.0
JUDGE_flashlite_disg_exp8,REV,ALL,RCOMP,100,0,0,0.0,0.0,0.0,0.0,1.0,0.76,1.0,33,1.0,67,1.0
JUDGE_flashlite_disg_exp8,REV,ALL,ALL,281,0,0,0.014,0.014,0.004,0.028,0.986,0.811,1.0,151,0.974,130,1.0
JUDGE_flashlite_disg_exp8,REV,UP,E,181,0,0,0.022,0.022,0.006,0.044,0.978,0.84,1.0,118,0.966,63,1.0
JUDGE_flashlite_disg_exp8,REV,UP,RCOMP,100,0,0,0.0,0.0,0.0,0.0,1.0,0.76,1.0,33,1.0,67,1.0
JUDGE_flashlite_disg_exp8,REV,UP,ALL,281,0,0,0.014,0.014,0.004,0.028,0.986,0.811,1.0,151,0.974,130,1.0
JUDGE_flashlite_disg_exp8,QUANT,ALL,E,181,0,0,0.144,0.144,0.094,0.193,0.856,0.696,0.978,118,0.797,63,0.968
JUDGE_flashlite_disg_exp8,QUANT,ALL,RCOMP,100,0,0,0.03,0.03,0.0,0.06,0.97,0.67,1.0,33,0.909,67,1.0
JUDGE_flashlite_disg_exp8,QUANT,ALL,ALL,281,0,0,0.103,0.103,0.068,0.139,0.897,0.687,0.986,151,0.821,130,0.985
JUDGE_flashlite_disg_exp8,QUANT,UP,E,181,0,0,0.144,0.144,0.094,0.193,0.856,0.696,0.978,118,0.797,63,0.968
JUDGE_flashlite_disg_exp8,QUANT,UP,RCOMP,100,0,0,0.03,0.03,0.0,0.06,0.97,0.67,1.0,33,0.909,67,1.0
JUDGE_flashlite_disg_exp8,QUANT,UP,ALL,281,0,0,0.103,0.103,0.068,0.139,0.897,0.687,0.986,151,0.821,130,0.985
JUDGE_flashlite_disg_exp8,RESTR,ALL,E,179,0,0,0.151,0.151,0.101,0.207,0.849,0.737,0.972,117,0.778,62,0.984
JUDGE_flashlite_disg_exp8,RESTR,ALL,RCOMP,100,0,0,0.0,0.0,0.0,0.0,1.0,0.84,1.0,33,1.0,67,1.0
JUDGE_flashlite_disg_exp8,RESTR,ALL,ALL,279,0,0,0.097,0.097,0.065,0.133,0.903,0.774,0.982,150,0.827,129,0.992
JUDGE_flashlite_disg_exp8,RESTR,UP,E,179,0,0,0.151,0.151,0.101,0.207,0.849,0.737,0.972,117,0.778,62,0.984
JUDGE_flashlite_disg_exp8,RESTR,UP,RCOMP,100,0,0,0.0,0.0,0.0,0.0,1.0,0.84,1.0,33,1.0,67,1.0
JUDGE_flashlite_disg_exp8,RESTR,UP,ALL,279,0,0,0.097,0.097,0.065,0.133,0.903,0.774,0.982,150,0.827,129,0.992
JUDGE_flashlite_disg_exp8,CONN,ALL,E,330,0,0,0.097,0.097,0.063,0.135,0.903,0.761,0.991,217,0.857,113,0.991
JUDGE_flashlite_disg_exp8,CONN,ALL,RCOMP,200,0,0,0.01,0.01,0.0,0.025,0.99,0.7,1.0,66,0.97,134,1.0
JUDGE_flashlite_disg_exp8,CONN,ALL,ALL,530,0,0,0.064,0.064,0.042,0.09,0.936,0.738,0.994,283,0.883,247,0.996
JUDGE_flashlite_disg_exp8,CONN,DOWN,E,141,0,0,0.078,0.078,0.042,0.128,0.922,0.745,1.0,91,0.89,50,0.98
JUDGE_flashlite_disg_exp8,CONN,DOWN,RCOMP,100,0,0,0.01,0.01,0.0,0.03,0.99,0.65,1.0,33,0.97,67,1.0
JUDGE_flashlite_disg_exp8,CONN,DOWN,ALL,241,0,0,0.05,0.05,0.025,0.079,0.95,0.705,1.0,124,0.911,117,0.991
JUDGE_flashlite_disg_exp8,CONN,UP,E,189,0,0,0.111,0.111,0.069,0.153,0.889,0.772,0.984,126,0.833,63,1.0
JUDGE_flashlite_disg_exp8,CONN,UP,RCOMP,100,0,0,0.01,0.01,0.0,0.03,0.99,0.75,1.0,33,0.97,67,1.0
JUDGE_flashlite_disg_exp8,CONN,UP,ALL,289,0,0,0.076,0.076,0.048,0.107,0.924,0.765,0.99,159,0.862,130,1.0
JUDGE_flashlite_disg_exp8,MOVE,ALL,E,6,0,0,0.667,0.667,0.333,1.0,0.333,0.333,1.0,5,0.2,1,1.0
JUDGE_flashlite_disg_exp8,MOVE,ALL,ALL,6,0,0,0.667,0.667,0.333,1.0,0.333,0.333,1.0,5,0.2,1,1.0
JUDGE_flashlite_disg_exp8,MOVE,UP,E,6,0,0,0.667,0.667,0.333,1.0,0.333,0.333,1.0,5,0.2,1,1.0
JUDGE_flashlite_disg_exp8,MOVE,UP,ALL,6,0,0,0.667,0.667,0.333,1.0,0.333,0.333,1.0,5,0.2,1,1.0
JUDGE_flashlite_disg_exp8,BIND,ALL,E,318,0,0,0.022,0.022,0.009,0.04,0.978,0.921,1.0,203,0.966,115,1.0
JUDGE_flashlite_disg_exp8,BIND,ALL,RCOMP,163,0,0,0.006,0.006,0.0,0.019,0.994,0.822,1.0,57,0.982,106,1.0
JUDGE_flashlite_disg_exp8,BIND,ALL,ALL,481,0,0,0.017,0.017,0.006,0.029,0.983,0.888,1.0,260,0.969,221,1.0
JUDGE_flashlite_disg_exp8,BIND,DOWN,E,165,0,0,0.024,0.024,0.006,0.048,0.976,0.897,1.0,106,0.962,59,1.0
JUDGE_flashlite_disg_exp8,BIND,DOWN,RCOMP,85,0,0,0.012,0.012,0.0,0.035,0.988,0.788,1.0,28,0.964,57,1.0
JUDGE_flashlite_disg_exp8,BIND,DOWN,ALL,250,0,0,0.02,0.02,0.004,0.04,0.98,0.86,1.0,134,0.963,116,1.0
JUDGE_flashlite_disg_exp8,BIND,UP,E,153,0,0,0.02,0.02,0.0,0.046,0.98,0.948,1.0,97,0.969,56,1.0
JUDGE_flashlite_disg_exp8,BIND,UP,RCOMP,78,0,0,0.0,0.0,0.0,0.0,1.0,0.859,1.0,29,1.0,49,1.0
JUDGE_flashlite_disg_exp8,BIND,UP,ALL,231,0,0,0.013,0.013,0.0,0.03,0.987,0.918,1.0,126,0.976,105,1.0
JUDGE_flashlite_disg_exp8,ALL_MUTANTS,ALL,E,2688,0,0,0.124,0.124,0.104,0.145,0.876,0.775,0.987,1745,0.816,943,0.986
JUDGE_flashlite_disg_exp8,ALL_MUTANTS,ALL,RCOMP,1546,0,0,0.048,0.048,0.032,0.067,0.952,0.726,1.0,514,0.872,1032,0.992
JUDGE_flashlite_disg_exp8,ALL_MUTANTS,ALL,ALL,4234,0,0,0.096,0.096,0.081,0.112,0.904,0.757,0.992,2259,0.829,1975,0.989
JUDGE_flashlite_disg_exp8,ALL_MUTANTS,DOWN,E,1106,0,0,0.151,0.151,0.123,0.178,0.849,0.737,0.988,711,0.778,395,0.977
JUDGE_flashlite_disg_exp8,ALL_MUTANTS,DOWN,RCOMP,647,0,0,0.074,0.074,0.049,0.103,0.926,0.669,1.0,215,0.8,432,0.988
JUDGE_flashlite_disg_exp8,ALL_MUTANTS,DOWN,ALL,1753,0,0,0.123,0.123,0.103,0.143,0.877,0.712,0.993,926,0.783,827,0.983
JUDGE_flashlite_disg_exp8,ALL_MUTANTS,UP,E,1582,0,0,0.106,0.106,0.084,0.126,0.894,0.801,0.986,1034,0.842,548,0.993
JUDGE_flashlite_disg_exp8,ALL_MUTANTS,UP,RCOMP,899,0,0,0.029,0.029,0.016,0.044,0.971,0.768,1.0,299,0.923,600,0.995
JUDGE_flashlite_disg_exp8,ALL_MUTANTS,UP,ALL,2481,0,0,0.078,0.078,0.064,0.093,0.922,0.789,0.991,1333,0.86,1148,0.994
