variant,control_type,base_source,n,n_na,n_insufficient,FA_gt05,FA_lo,FA_hi,FA_eq1,FA_gt0,paired_base_FA,FA_minus_base,diff_lo,diff_hi,flip_rate,flip_lo,flip_hi
SIGPROXY_K3,RENAME_SYN,RCOMP,42,11,0,1.0,1.0,1.0,1.0,1.0,0.119,0.881,0.786,0.976,0.881,0.786,0.976
SIGPROXY_K3,RENAME_SYN,ALL,42,99,0,1.0,1.0,1.0,1.0,1.0,0.119,0.881,0.786,0.976,0.881,0.786,0.976
SIGPROXY_K3,RENAME_NONCE,RCOMP,35,12,0,1.0,1.0,1.0,1.0,1.0,0.171,0.829,0.686,0.943,0.829,0.686,0.943
SIGPROXY_K3,RENAME_NONCE,ALL,35,124,0,1.0,1.0,1.0,1.0,1.0,0.171,0.829,0.686,0.943,0.829,0.686,0.943
SIGPROXY_K3,REORDER_COMMUTE,RCOMP,77,23,0,0.143,0.065,0.221,0.091,0.312,0.143,0.0,0.0,0.0,0.0,0.0,0.0
SIGPROXY_K3,REORDER_COMMUTE,ALL,77,181,0,0.143,0.065,0.221,0.091,0.312,0.143,0.0,0.0,0.0,0.0,0.0,0.0
SIGPROXY_K3,CONTRAPOSITIVE,RCOMP,77,23,0,0.143,0.065,0.221,0.091,0.312,0.143,0.0,0.0,0.0,0.0,0.0,0.0
SIGPROXY_K3,CONTRAPOSITIVE,ALL,77,204,0,0.143,0.065,0.221,0.091,0.312,0.143,0.0,0.0,0.0,0.0,0.0,0.0
SIGPROXY_K3,ALL_RENAME,RCOMP,77,23,0,1.0,1.0,1.0,1.0,1.0,0.143,0.857,0.779,0.935,0.857,0.779,0.935
SIGPROXY_K3,ALL_RENAME,ALL,77,223,0,1.0,1.0,1.0,1.0,1.0,0.143,0.857,0.779,0.935,0.857,0.779,0.935
SIGPROXY_K3,ALL_EQUIV_REWRITE,RCOMP,154,46,0,0.143,0.065,0.221,0.091,0.312,0.143,0.0,0.0,0.0,0.0,0.0,0.0
SIGPROXY_K3,ALL_EQUIV_REWRITE,ALL,154,414,0,0.143,0.065,0.221,0.091,0.312,0.143,0.0,0.0,0.0,0.0,0.0,0.0
SIGPROXY_K4,RENAME_SYN,RCOMP,42,11,0,1.0,1.0,1.0,1.0,1.0,0.095,0.905,0.81,0.976,0.905,0.81,0.976
SIGPROXY_K4,RENAME_SYN,ALL,42,99,0,1.0,1.0,1.0,1.0,1.0,0.095,0.905,0.81,0.976,0.905,0.81,0.976
SIGPROXY_K4,RENAME_NONCE,RCOMP,35,12,0,1.0,1.0,1.0,1.0,1.0,0.114,0.886,0.771,0.971,0.886,0.771,0.971
SIGPROXY_K4,RENAME_NONCE,ALL,35,124,0,1.0,1.0,1.0,1.0,1.0,0.114,0.886,0.771,0.971,0.886,0.771,0.971
SIGPROXY_K4,REORDER_COMMUTE,RCOMP,77,23,0,0.104,0.039,0.182,0.091,0.364,0.104,0.0,0.0,0.0,0.0,0.0,0.0
SIGPROXY_K4,REORDER_COMMUTE,ALL,77,181,0,0.104,0.039,0.182,0.091,0.364,0.104,0.0,0.0,0.0,0.0,0.0,0.0
SIGPROXY_K4,CONTRAPOSITIVE,RCOMP,77,23,0,0.104,0.039,0.182,0.091,0.364,0.104,0.0,0.0,0.0,0.0,0.0,0.0
SIGPROXY_K4,CONTRAPOSITIVE,ALL,77,204,0,0.104,0.039,0.182,0.091,0.364,0.104,0.0,0.0,0.0,0.0,0.0,0.0
SIGPROXY_K4,ALL_RENAME,RCOMP,77,23,0,1.0,1.0,1.0,1.0,1.0,0.104,0.896,0.818,0.961,0.896,0.818,0.961
SIGPROXY_K4,ALL_RENAME,ALL,77,223,0,1.0,1.0,1.0,1.0,1.0,0.104,0.896,0.818,0.961,0.896,0.818,0.961
SIGPROXY_K4,ALL_EQUIV_REWRITE,RCOMP,154,46,0,0.104,0.039,0.182,0.091,0.364,0.104,0.0,0.0,0.0,0.0,0.0,0.0
SIGPROXY_K4,ALL_EQUIV_REWRITE,ALL,154,414,0,0.104,0.039,0.182,0.091,0.364,0.104,0.0,0.0,0.0,0.0,0.0,0.0
SIGPROXY_graded,RENAME_SYN,RCOMP,42,11,0,1.0,1.0,1.0,1.0,1.0,0.095,0.905,0.81,0.976,0.905,0.81,0.976
SIGPROXY_graded,RENAME_SYN,ALL,42,99,0,1.0,1.0,1.0,1.0,1.0,0.095,0.905,0.81,0.976,0.905,0.81,0.976
SIGPROXY_graded,RENAME_NONCE,RCOMP,35,12,0,1.0,1.0,1.0,1.0,1.0,0.086,0.914,0.8,1.0,0.914,0.8,1.0
SIGPROXY_graded,RENAME_NONCE,ALL,35,124,0,1.0,1.0,1.0,1.0,1.0,0.086,0.914,0.8,1.0,0.914,0.8,1.0
SIGPROXY_graded,REORDER_COMMUTE,RCOMP,77,23,0,0.091,0.039,0.156,0.091,0.169,0.091,0.0,0.0,0.0,0.0,0.0,0.0
SIGPROXY_graded,REORDER_COMMUTE,ALL,77,181,0,0.091,0.039,0.156,0.091,0.169,0.091,0.0,0.0,0.0,0.0,0.0,0.0
SIGPROXY_graded,CONTRAPOSITIVE,RCOMP,77,23,0,0.091,0.039,0.156,0.091,0.169,0.091,0.0,0.0,0.0,0.0,0.0,0.0
SIGPROXY_graded,CONTRAPOSITIVE,ALL,77,204,0,0.091,0.039,0.156,0.091,0.169,0.091,0.0,0.0,0.0,0.0,0.0,0.0
SIGPROXY_graded,ALL_RENAME,RCOMP,77,23,0,1.0,1.0,1.0,1.0,1.0,0.091,0.909,0.844,0.961,0.909,0.844,0.961
SIGPROXY_graded,ALL_RENAME,ALL,77,223,0,1.0,1.0,1.0,1.0,1.0,0.091,0.909,0.844,0.961,0.909,0.844,0.961
SIGPROXY_graded,ALL_EQUIV_REWRITE,RCOMP,154,46,0,0.091,0.039,0.156,0.091,0.169,0.091,0.0,0.0,0.0,0.0,0.0,0.0
SIGPROXY_graded,ALL_EQUIV_REWRITE,ALL,154,414,0,0.091,0.039,0.156,0.091,0.169,0.091,0.0,0.0,0.0,0.0,0.0,0.0
LOCAL2_own_sig,RENAME_SYN,E,13,75,3,0.692,0.462,0.923,0.692,1.0,0.538,0.154,-0.154,0.462,0.308,0.077,0.538
LOCAL2_own_sig,RENAME_SYN,ALL,13,128,3,0.692,0.462,0.923,0.692,1.0,0.538,0.154,-0.154,0.462,0.308,0.077,0.538
LOCAL2_own_sig,RENAME_NONCE,E,14,98,7,0.5,0.214,0.786,0.5,1.0,0.5,0.0,-0.429,0.429,0.714,0.5,0.929
LOCAL2_own_sig,RENAME_NONCE,ALL,14,145,7,0.5,0.214,0.786,0.5,1.0,0.5,0.0,-0.429,0.429,0.714,0.5,0.929
LOCAL2_own_sig,REORDER_COMMUTE,E,25,133,7,0.56,0.36,0.76,0.56,0.92,0.56,0.0,0.0,0.0,0.0,0.0,0.0
LOCAL2_own_sig,REORDER_COMMUTE,ALL,25,233,7,0.56,0.36,0.76,0.56,0.92,0.56,0.0,0.0,0.0,0.0,0.0,0.0
LOCAL2_own_sig,CONTRAPOSITIVE,E,25,156,6,0.56,0.36,0.76,0.56,0.92,0.56,0.0,0.0,0.0,0.0,0.0,0.0
LOCAL2_own_sig,CONTRAPOSITIVE,ALL,25,256,6,0.56,0.36,0.76,0.56,0.92,0.56,0.0,0.0,0.0,0.0,0.0,0.0
LOCAL2_own_sig,DEMORGAN,E,1,7,1,0.0,0.0,0.0,0.0,1.0,0.0,0.0,0.0,0.0,0.0,0.0,0.0
LOCAL2_own_sig,DEMORGAN,ALL,1,7,1,0.0,0.0,0.0,0.0,1.0,0.0,0.0,0.0,0.0,0.0,0.0,0.0
LOCAL2_own_sig,ALL_RENAME,E,27,173,10,0.593,0.407,0.778,0.593,1.0,0.519,0.074,-0.185,0.333,0.519,0.333,0.704
LOCAL2_own_sig,ALL_RENAME,ALL,27,273,10,0.593,0.407,0.778,0.593,1.0,0.519,0.074,-0.185,0.333,0.519,0.333,0.704
LOCAL2_own_sig,ALL_EQUIV_REWRITE,E,51,317,14,0.549,0.353,0.745,0.549,0.922,0.549,0.0,0.0,0.0,0.0,0.0,0.0
LOCAL2_own_sig,ALL_EQUIV_REWRITE,ALL,51,517,14,0.549,0.353,0.745,0.549,0.922,0.549,0.0,0.0,0.0,0.0,0.0,0.0
LOCAL2_base_sig,RENAME_SYN,E,13,75,5,0.615,0.385,0.846,0.615,1.0,0.538,0.077,0.0,0.231,0.077,0.0,0.231
LOCAL2_base_sig,RENAME_SYN,ALL,13,128,5,0.615,0.385,0.846,0.615,1.0,0.538,0.077,0.0,0.231,0.077,0.0,0.231
LOCAL2_base_sig,RENAME_NONCE,E,14,98,2,0.857,0.643,1.0,0.857,1.0,0.5,0.357,0.143,0.571,0.357,0.143,0.571
LOCAL2_base_sig,RENAME_NONCE,ALL,14,145,2,0.857,0.643,1.0,0.857,1.0,0.5,0.357,0.143,0.571,0.357,0.143,0.571
LOCAL2_base_sig,REORDER_COMMUTE,E,25,133,7,0.56,0.36,0.76,0.56,0.92,0.56,0.0,0.0,0.0,0.0,0.0,0.0
LOCAL2_base_sig,REORDER_COMMUTE,ALL,25,233,7,0.56,0.36,0.76,0.56,0.92,0.56,0.0,0.0,0.0,0.0,0.0,0.0
LOCAL2_base_sig,CONTRAPOSITIVE,E,25,156,6,0.56,0.36,0.76,0.56,0.92,0.56,0.0,0.0,0.0,0.0,0.0,0.0
LOCAL2_base_sig,CONTRAPOSITIVE,ALL,25,256,6,0.56,0.36,0.76,0.56,0.92,0.56,0.0,0.0,0.0,0.0,0.0,0.0
LOCAL2_base_sig,DEMORGAN,E,1,7,1,0.0,0.0,0.0,0.0,1.0,0.0,0.0,0.0,0.0,0.0,0.0,0.0
LOCAL2_base_sig,DEMORGAN,ALL,1,7,1,0.0,0.0,0.0,0.0,1.0,0.0,0.0,0.0,0.0,0.0,0.0,0.0
LOCAL2_base_sig,ALL_RENAME,E,27,173,7,0.741,0.556,0.889,0.741,1.0,0.519,0.222,0.074,0.407,0.222,0.074,0.407
LOCAL2_base_sig,ALL_RENAME,ALL,27,273,7,0.741,0.556,0.889,0.741,1.0,0.519,0.222,0.074,0.407,0.222,0.074,0.407
LOCAL2_base_sig,ALL_EQUIV_REWRITE,E,51,317,14,0.549,0.353,0.745,0.549,0.922,0.549,0.0,0.0,0.0,0.0,0.0,0.0
LOCAL2_base_sig,ALL_EQUIV_REWRITE,ALL,51,517,14,0.549,0.353,0.745,0.549,0.922,0.549,0.0,0.0,0.0,0.0,0.0,0.0
LOCAL2_graded,RENAME_SYN,E,13,75,3,0.692,0.462,0.923,0.692,1.0,0.385,0.308,0.0,0.615,0.462,0.231,0.692
LOCAL2_graded,RENAME_SYN,ALL,13,128,3,0.692,0.462,0.923,0.692,1.0,0.385,0.308,0.0,0.615,0.462,0.231,0.692
LOCAL2_graded,RENAME_NONCE,E,14,98,7,0.429,0.143,0.714,0.429,1.0,0.429,0.0,-0.429,0.357,0.571,0.286,0.786
LOCAL2_graded,RENAME_NONCE,ALL,14,145,7,0.429,0.143,0.714,0.429,1.0,0.429,0.0,-0.429,0.357,0.571,0.286,0.786
LOCAL2_graded,REORDER_COMMUTE,E,25,133,7,0.44,0.24,0.64,0.36,0.88,0.44,0.0,0.0,0.0,0.0,0.0,0.0
LOCAL2_graded,REORDER_COMMUTE,ALL,25,233,7,0.44,0.24,0.64,0.36,0.88,0.44,0.0,0.0,0.0,0.0,0.0,0.0
LOCAL2_graded,CONTRAPOSITIVE,E,25,156,6,0.44,0.24,0.64,0.36,0.88,0.44,0.0,0.0,0.0,0.0,0.0,0.0
LOCAL2_graded,CONTRAPOSITIVE,ALL,25,256,6,0.44,0.24,0.64,0.36,0.88,0.44,0.0,0.0,0.0,0.0,0.0,0.0
LOCAL2_graded,DEMORGAN,E,1,7,1,0.0,0.0,0.0,0.0,1.0,0.0,0.0,0.0,0.0,0.0,0.0,0.0
LOCAL2_graded,DEMORGAN,ALL,1,7,1,0.0,0.0,0.0,0.0,1.0,0.0,0.0,0.0,0.0,0.0,0.0,0.0
LOCAL2_graded,ALL_RENAME,E,27,173,10,0.556,0.37,0.741,0.556,1.0,0.407,0.148,-0.111,0.407,0.519,0.333,0.704
LOCAL2_graded,ALL_RENAME,ALL,27,273,10,0.556,0.37,0.741,0.556,1.0,0.407,0.148,-0.111,0.407,0.519,0.333,0.704
LOCAL2_graded,ALL_EQUIV_REWRITE,E,51,317,14,0.431,0.24,0.627,0.353,0.882,0.431,0.0,0.0,0.0,0.0,0.0,0.0
LOCAL2_graded,ALL_EQUIV_REWRITE,ALL,51,517,14,0.431,0.24,0.627,0.353,0.882,0.431,0.0,0.0,0.0,0.0,0.0,0.0
FREE_c_align_exp8,RENAME_SYN,E,88,0,0,0.943,0.886,0.989,0.739,0.989,0.761,0.182,0.102,0.273,0.182,0.102,0.273
FREE_c_align_exp8,RENAME_SYN,ALL,88,53,0,0.943,0.886,0.989,0.739,0.989,0.761,0.182,0.102,0.273,0.182,0.102,0.273
FREE_c_align_exp8,RENAME_NONCE,E,110,2,0,1.0,1.0,1.0,1.0,1.0,0.673,0.327,0.245,0.418,0.327,0.245,0.418
FREE_c_align_exp8,RENAME_NONCE,ALL,110,49,0,1.0,1.0,1.0,1.0,1.0,0.673,0.327,0.245,0.418,0.327,0.245,0.418
FREE_c_align_exp8,REORDER_COMMUTE,E,158,0,0,0.741,0.671,0.81,0.253,0.987,0.741,0.0,0.0,0.0,0.0,0.0,0.0
FREE_c_align_exp8,REORDER_COMMUTE,ALL,158,100,0,0.741,0.671,0.81,0.253,0.987,0.741,0.0,0.0,0.0,0.0,0.0,0.0
FREE_c_align_exp8,REORDER_QUANT,E,20,1,0,0.95,0.85,1.0,0.45,1.0,0.95,0.0,0.0,0.0,0.0,0.0,0.0
FREE_c_align_exp8,REORDER_QUANT,ALL,20,1,0,0.95,0.85,1.0,0.45,1.0,0.95,0.0,0.0,0.0,0.0,0.0,0.0
FREE_c_align_exp8,CONTRAPOSITIVE,E,179,2,0,0.765,0.698,0.827,0.279,0.978,0.765,0.0,0.0,0.0,0.0,0.0,0.0
FREE_c_align_exp8,CONTRAPOSITIVE,ALL,179,102,0,0.765,0.698,0.827,0.279,0.978,0.765,0.0,0.0,0.0,0.0,0.0,0.0
FREE_c_align_exp8,DEMORGAN,E,8,0,0,0.25,0.0,0.625,0.0,0.875,0.25,0.0,0.0,0.0,0.0,0.0,0.0
FREE_c_align_exp8,DEMORGAN,ALL,8,0,0,0.25,0.0,0.625,0.0,0.875,0.25,0.0,0.0,0.0,0.0,0.0,0.0
FREE_c_align_exp8,ALL_RENAME,E,198,2,0,0.975,0.949,0.995,0.884,0.995,0.712,0.263,0.202,0.328,0.263,0.202,0.328
FREE_c_align_exp8,ALL_RENAME,ALL,198,102,0,0.975,0.949,0.995,0.884,0.995,0.712,0.263,0.202,0.328,0.263,0.202,0.328
FREE_c_align_exp8,ALL_EQUIV_REWRITE,E,365,3,0,0.753,0.69,0.817,0.271,0.981,0.753,0.0,0.0,0.0,0.0,0.0,0.0
FREE_c_align_exp8,ALL_EQUIV_REWRITE,ALL,365,203,0,0.753,0.69,0.817,0.271,0.981,0.753,0.0,0.0,0.0,0.0,0.0,0.0
FREE_c_hyb_exp8,RENAME_SYN,E,88,0,0,0.852,0.773,0.92,0.352,0.966,0.75,0.102,0.045,0.17,0.102,0.045,0.17
FREE_c_hyb_exp8,RENAME_SYN,ALL,88,53,0,0.852,0.773,0.92,0.352,0.966,0.75,0.102,0.045,0.17,0.102,0.045,0.17
FREE_c_hyb_exp8,RENAME_NONCE,E,110,2,0,0.745,0.673,0.827,0.255,0.936,0.627,0.118,0.064,0.182,0.118,0.064,0.182
FREE_c_hyb_exp8,RENAME_NONCE,ALL,110,49,0,0.745,0.673,0.827,0.255,0.936,0.627,0.118,0.064,0.182,0.118,0.064,0.182
FREE_c_hyb_exp8,REORDER_COMMUTE,E,158,0,0,0.722,0.646,0.791,0.228,0.987,0.722,0.0,0.0,0.0,0.0,0.0,0.0
FREE_c_hyb_exp8,REORDER_COMMUTE,ALL,158,100,0,0.722,0.646,0.791,0.228,0.987,0.722,0.0,0.0,0.0,0.0,0.0,0.0
FREE_c_hyb_exp8,REORDER_QUANT,E,20,1,0,0.95,0.85,1.0,0.45,1.0,0.95,0.0,0.0,0.0,0.0,0.0,0.0
FREE_c_hyb_exp8,REORDER_QUANT,ALL,20,1,0,0.95,0.85,1.0,0.45,1.0,0.95,0.0,0.0,0.0,0.0,0.0,0.0
FREE_c_hyb_exp8,CONTRAPOSITIVE,E,179,2,0,0.743,0.676,0.804,0.257,0.966,0.743,0.0,0.0,0.0,0.0,0.0,0.0
FREE_c_hyb_exp8,CONTRAPOSITIVE,ALL,179,102,0,0.743,0.676,0.804,0.257,0.966,0.743,0.0,0.0,0.0,0.0,0.0,0.0
FREE_c_hyb_exp8,DEMORGAN,E,8,0,0,0.25,0.0,0.625,0.0,0.875,0.25,0.0,0.0,0.0,0.0,0.0,0.0
FREE_c_hyb_exp8,DEMORGAN,ALL,8,0,0,0.25,0.0,0.625,0.0,0.875,0.25,0.0,0.0,0.0,0.0,0.0,0.0
FREE_c_hyb_exp8,ALL_RENAME,E,198,2,0,0.793,0.737,0.848,0.298,0.949,0.682,0.111,0.071,0.157,0.111,0.071,0.157
FREE_c_hyb_exp8,ALL_RENAME,ALL,198,102,0,0.793,0.737,0.848,0.298,0.949,0.682,0.111,0.071,0.157,0.111,0.071,0.157
FREE_c_hyb_exp8,ALL_EQUIV_REWRITE,E,365,3,0,0.734,0.669,0.799,0.249,0.975,0.734,0.0,0.0,0.0,0.0,0.0,0.0
FREE_c_hyb_exp8,ALL_EQUIV_REWRITE,ALL,365,203,0,0.734,0.669,0.799,0.249,0.975,0.734,0.0,0.0,0.0,0.0,0.0,0.0
FREE3_exact,RENAME_SYN,E,75,13,0,1.0,1.0,1.0,1.0,1.0,0.867,0.133,0.067,0.213,0.133,0.067,0.213
FREE3_exact,RENAME_SYN,RCOMP,40,13,0,1.0,1.0,1.0,1.0,1.0,1.0,0.0,0.0,0.0,0.0,0.0,0.0
FREE3_exact,RENAME_SYN,ALL,115,26,0,1.0,1.0,1.0,1.0,1.0,0.913,0.087,0.035,0.139,0.087,0.035,0.139
FREE3_exact,RENAME_NONCE,E,98,14,0,1.0,1.0,1.0,1.0,1.0,0.755,0.245,0.163,0.337,0.245,0.163,0.337
FREE3_exact,RENAME_NONCE,RCOMP,34,13,0,1.0,1.0,1.0,1.0,1.0,0.971,0.029,0.0,0.088,0.029,0.0,0.088
FREE3_exact,RENAME_NONCE,ALL,132,27,0,1.0,1.0,1.0,1.0,1.0,0.811,0.189,0.129,0.258,0.189,0.129,0.258
FREE3_exact,REORDER_COMMUTE,E,139,19,0,0.842,0.777,0.899,0.712,0.928,0.842,0.0,0.0,0.0,0.0,0.0,0.0
FREE3_exact,REORDER_COMMUTE,RCOMP,74,26,0,0.986,0.959,1.0,0.986,1.0,0.986,0.0,0.0,0.0,0.0,0.0,0.0
FREE3_exact,REORDER_COMMUTE,ALL,213,45,0,0.892,0.85,0.934,0.808,0.953,0.892,0.0,0.0,0.0,0.0,0.0,0.0
FREE3_exact,REORDER_QUANT,E,16,5,0,0.938,0.812,1.0,0.875,1.0,0.938,0.0,0.0,0.0,0.0,0.0,0.0
FREE3_exact,REORDER_QUANT,ALL,16,5,0,0.938,0.812,1.0,0.875,1.0,0.938,0.0,0.0,0.0,0.0,0.0,0.0
FREE3_exact,CONTRAPOSITIVE,E,156,25,0,0.84,0.782,0.897,0.718,0.923,0.84,0.0,0.0,0.0,0.0,0.0,0.0
FREE3_exact,CONTRAPOSITIVE,RCOMP,74,26,0,0.986,0.959,1.0,0.986,1.0,0.986,0.0,0.0,0.0,0.0,0.0,0.0
FREE3_exact,CONTRAPOSITIVE,ALL,230,51,0,0.887,0.843,0.926,0.804,0.948,0.887,0.0,0.0,0.0,0.0,0.0,0.0
FREE3_exact,DEMORGAN,E,7,1,0,0.429,0.143,0.857,0.429,0.571,0.429,0.0,0.0,0.0,0.0,0.0,0.0
FREE3_exact,DEMORGAN,ALL,7,1,0,0.429,0.143,0.857,0.429,0.571,0.429,0.0,0.0,0.0,0.0,0.0,0.0
FREE3_exact,ALL_RENAME,E,173,27,0,1.0,1.0,1.0,1.0,1.0,0.803,0.197,0.145,0.254,0.197,0.145,0.254
FREE3_exact,ALL_RENAME,RCOMP,74,26,0,1.0,1.0,1.0,1.0,1.0,0.986,0.014,0.0,0.041,0.014,0.0,0.041
FREE3_exact,ALL_RENAME,ALL,247,53,0,1.0,1.0,1.0,1.0,1.0,0.858,0.142,0.097,0.186,0.142,0.097,0.186
FREE3_exact,ALL_EQUIV_REWRITE,E,318,50,0,0.836,0.782,0.888,0.717,0.921,0.836,0.0,0.0,0.0,0.0,0.0,0.0
FREE3_exact,ALL_EQUIV_REWRITE,RCOMP,148,52,0,0.986,0.959,1.0,0.986,1.0,0.986,0.0,0.0,0.0,0.0,0.0,0.0
FREE3_exact,ALL_EQUIV_REWRITE,ALL,466,102,0,0.884,0.843,0.921,0.803,0.946,0.884,0.0,0.0,0.0,0.0,0.0,0.0
FREE3_align,RENAME_SYN,E,75,13,0,0.853,0.773,0.933,0.787,0.96,0.547,0.307,0.2,0.413,0.307,0.2,0.413
FREE3_align,RENAME_SYN,RCOMP,40,13,0,0.85,0.725,0.95,0.8,0.925,0.7,0.15,0.05,0.25,0.15,0.05,0.25
FREE3_align,RENAME_SYN,ALL,115,26,0,0.852,0.783,0.913,0.791,0.948,0.6,0.252,0.174,0.33,0.252,0.174,0.33
FREE3_align,RENAME_NONCE,E,98,14,0,1.0,1.0,1.0,1.0,1.0,0.469,0.531,0.429,0.633,0.531,0.429,0.633
FREE3_align,RENAME_NONCE,RCOMP,34,13,0,1.0,1.0,1.0,1.0,1.0,0.824,0.176,0.059,0.324,0.176,0.059,0.324
FREE3_align,RENAME_NONCE,ALL,132,27,0,1.0,1.0,1.0,1.0,1.0,0.561,0.439,0.356,0.523,0.439,0.356,0.523
FREE3_align,REORDER_COMMUTE,E,139,19,0,0.525,0.446,0.612,0.36,0.763,0.525,0.0,0.0,0.0,0.0,0.0,0.0
FREE3_align,REORDER_COMMUTE,RCOMP,74,26,0,0.757,0.662,0.838,0.568,0.865,0.757,0.0,0.0,0.0,0.0,0.0,0.0
FREE3_align,REORDER_COMMUTE,ALL,213,45,0,0.606,0.535,0.671,0.432,0.798,0.606,0.0,0.0,0.0,0.0,0.0,0.0
FREE3_align,REORDER_QUANT,E,16,5,0,0.688,0.438,0.875,0.438,1.0,0.688,0.0,0.0,0.0,0.0,0.0,0.0
FREE3_align,REORDER_QUANT,ALL,16,5,0,0.688,0.438,0.875,0.438,1.0,0.688,0.0,0.0,0.0,0.0,0.0,0.0
FREE3_align,CONTRAPOSITIVE,E,156,25,0,0.545,0.468,0.622,0.372,0.782,0.545,0.0,0.0,0.0,0.0,0.0,0.0
FREE3_align,CONTRAPOSITIVE,RCOMP,74,26,0,0.757,0.662,0.838,0.568,0.865,0.757,0.0,0.0,0.0,0.0,0.0,0.0
FREE3_align,CONTRAPOSITIVE,ALL,230,51,0,0.613,0.552,0.674,0.435,0.809,0.613,0.0,0.0,0.0,0.0,0.0,0.0
FREE3_align,DEMORGAN,E,7,1,0,0.143,0.0,0.429,0.143,0.286,0.143,0.0,0.0,0.0,0.0,0.0,0.0
FREE3_align,DEMORGAN,ALL,7,1,0,0.143,0.0,0.429,0.143,0.286,0.143,0.0,0.0,0.0,0.0,0.0,0.0
FREE3_align,ALL_RENAME,E,173,27,0,0.936,0.896,0.971,0.908,0.983,0.503,0.434,0.364,0.509,0.434,0.364,0.509
FREE3_align,ALL_RENAME,RCOMP,74,26,0,0.919,0.851,0.973,0.892,0.959,0.757,0.162,0.095,0.243,0.162,0.095,0.243
FREE3_align,ALL_RENAME,ALL,247,53,0,0.931,0.899,0.96,0.903,0.976,0.579,0.352,0.296,0.413,0.352,0.296,0.413
FREE3_align,ALL_EQUIV_REWRITE,E,318,50,0,0.535,0.46,0.613,0.365,0.774,0.535,0.0,0.0,0.0,0.0,0.0,0.0
FREE3_align,ALL_EQUIV_REWRITE,RCOMP,148,52,0,0.757,0.662,0.838,0.568,0.865,0.757,0.0,0.0,0.0,0.0,0.0,0.0
FREE3_align,ALL_EQUIV_REWRITE,ALL,466,102,0,0.605,0.541,0.667,0.429,0.803,0.605,0.0,0.0,0.0,0.0,0.0,0.0
FREE3_lc,RENAME_SYN,E,75,13,0,1.0,1.0,1.0,1.0,1.0,0.867,0.133,0.067,0.213,0.133,0.067,0.213
FREE3_lc,RENAME_SYN,RCOMP,40,13,0,1.0,1.0,1.0,1.0,1.0,1.0,0.0,0.0,0.0,0.0,0.0,0.0
FREE3_lc,RENAME_SYN,ALL,115,26,0,1.0,1.0,1.0,1.0,1.0,0.913,0.087,0.035,0.139,0.087,0.035,0.139
FREE3_lc,RENAME_NONCE,E,98,14,0,1.0,1.0,1.0,1.0,1.0,0.745,0.255,0.173,0.347,0.255,0.173,0.347
FREE3_lc,RENAME_NONCE,RCOMP,34,13,0,1.0,1.0,1.0,1.0,1.0,0.971,0.029,0.0,0.088,0.029,0.0,0.088
FREE3_lc,RENAME_NONCE,ALL,132,27,0,1.0,1.0,1.0,1.0,1.0,0.803,0.197,0.136,0.265,0.197,0.136,0.265
FREE3_lc,REORDER_COMMUTE,E,139,19,0,0.842,0.777,0.899,0.705,0.928,0.842,0.0,0.0,0.0,0.0,0.0,0.0
FREE3_lc,REORDER_COMMUTE,RCOMP,74,26,0,0.986,0.959,1.0,0.986,1.0,0.986,0.0,0.0,0.0,0.0,0.0,0.0
FREE3_lc,REORDER_COMMUTE,ALL,213,45,0,0.892,0.85,0.934,0.803,0.953,0.892,0.0,0.0,0.0,0.0,0.0,0.0
FREE3_lc,REORDER_QUANT,E,16,5,0,0.938,0.812,1.0,0.875,1.0,0.938,0.0,0.0,0.0,0.0,0.0,0.0
FREE3_lc,REORDER_QUANT,ALL,16,5,0,0.938,0.812,1.0,0.875,1.0,0.938,0.0,0.0,0.0,0.0,0.0,0.0
FREE3_lc,CONTRAPOSITIVE,E,156,25,0,0.84,0.782,0.897,0.712,0.923,0.84,0.0,0.0,0.0,0.0,0.0,0.0
FREE3_lc,CONTRAPOSITIVE,RCOMP,74,26,0,0.986,0.959,1.0,0.986,1.0,0.986,0.0,0.0,0.0,0.0,0.0,0.0
FREE3_lc,CONTRAPOSITIVE,ALL,230,51,0,0.887,0.843,0.926,0.8,0.948,0.887,0.0,0.0,0.0,0.0,0.0,0.0
FREE3_lc,DEMORGAN,E,7,1,0,0.429,0.143,0.857,0.429,0.571,0.429,0.0,0.0,0.0,0.0,0.0,0.0
FREE3_lc,DEMORGAN,ALL,7,1,0,0.429,0.143,0.857,0.429,0.571,0.429,0.0,0.0,0.0,0.0,0.0,0.0
FREE3_lc,ALL_RENAME,E,173,27,0,1.0,1.0,1.0,1.0,1.0,0.798,0.202,0.15,0.266,0.202,0.15,0.266
FREE3_lc,ALL_RENAME,RCOMP,74,26,0,1.0,1.0,1.0,1.0,1.0,0.986,0.014,0.0,0.041,0.014,0.0,0.041
FREE3_lc,ALL_RENAME,ALL,247,53,0,1.0,1.0,1.0,1.0,1.0,0.854,0.146,0.101,0.19,0.146,0.101,0.19
FREE3_lc,ALL_EQUIV_REWRITE,E,318,50,0,0.836,0.782,0.888,0.711,0.921,0.836,0.0,0.0,0.0,0.0,0.0,0.0
FREE3_lc,ALL_EQUIV_REWRITE,RCOMP,148,52,0,0.986,0.959,1.0,0.986,1.0,0.986,0.0,0.0,0.0,0.0,0.0,0.0
FREE3_lc,ALL_EQUIV_REWRITE,ALL,466,102,0,0.884,0.843,0.921,0.798,0.946,0.884,0.0,0.0,0.0,0.0,0.0,0.0
JUDGE_flashlite_disg_exp8,RENAME_SYN,E,88,0,0,0.261,0.17,0.352,0.216,0.784,0.295,-0.034,-0.125,0.045,0.17,0.091,0.25
JUDGE_flashlite_disg_exp8,RENAME_SYN,RCOMP,53,0,0,0.736,0.604,0.849,0.528,1.0,0.679,0.057,-0.038,0.151,0.132,0.057,0.226
JUDGE_flashlite_disg_exp8,RENAME_SYN,ALL,141,0,0,0.44,0.355,0.525,0.333,0.865,0.44,0.0,-0.064,0.064,0.156,0.099,0.22
JUDGE_flashlite_disg_exp8,RENAME_NONCE,E,112,0,0,0.652,0.562,0.732,0.58,0.973,0.339,0.312,0.214,0.411,0.366,0.277,0.446
JUDGE_flashlite_disg_exp8,RENAME_NONCE,RCOMP,47,0,0,0.851,0.745,0.936,0.553,1.0,0.66,0.191,0.064,0.319,0.234,0.128,0.362
JUDGE_flashlite_disg_exp8,RENAME_NONCE,ALL,159,0,0,0.711,0.635,0.78,0.572,0.981,0.434,0.277,0.201,0.358,0.327,0.258,0.403
JUDGE_flashlite_disg_exp8,REORDER_COMMUTE,E,158,0,0,0.418,0.342,0.494,0.323,0.911,0.285,0.133,0.063,0.203,0.222,0.158,0.285
JUDGE_flashlite_disg_exp8,REORDER_COMMUTE,RCOMP,100,0,0,0.58,0.49,0.68,0.4,1.0,0.67,-0.09,-0.18,0.0,0.21,0.13,0.29
JUDGE_flashlite_disg_exp8,REORDER_COMMUTE,ALL,258,0,0,0.481,0.419,0.543,0.353,0.946,0.434,0.047,-0.012,0.101,0.217,0.171,0.267
JUDGE_flashlite_disg_exp8,REORDER_QUANT,E,21,0,0,0.81,0.619,0.952,0.762,1.0,0.81,0.0,-0.143,0.143,0.095,0.0,0.238
JUDGE_flashlite_disg_exp8,REORDER_QUANT,ALL,21,0,0,0.81,0.619,0.952,0.762,1.0,0.81,0.0,-0.143,0.143,0.095,0.0,0.238
JUDGE_flashlite_disg_exp8,CONTRAPOSITIVE,E,181,0,0,0.939,0.901,0.972,0.84,0.989,0.348,0.591,0.514,0.663,0.591,0.514,0.663
JUDGE_flashlite_disg_exp8,CONTRAPOSITIVE,RCOMP,100,0,0,1.0,1.0,1.0,0.78,1.0,0.67,0.33,0.24,0.42,0.33,0.24,0.42
JUDGE_flashlite_disg_exp8,CONTRAPOSITIVE,ALL,281,0,0,0.961,0.936,0.982,0.819,0.993,0.463,0.498,0.441,0.559,0.498,0.441,0.559
JUDGE_flashlite_disg_exp8,DEMORGAN,E,8,0,0,0.875,0.625,1.0,0.875,1.0,0.0,0.875,0.625,1.0,0.875,0.625,1.0
JUDGE_flashlite_disg_exp8,DEMORGAN,ALL,8,0,0,0.875,0.625,1.0,0.875,1.0,0.0,0.875,0.625,1.0,0.875,0.625,1.0
JUDGE_flashlite_disg_exp8,ALL_RENAME,E,200,0,0,0.48,0.41,0.55,0.42,0.89,0.32,0.16,0.09,0.23,0.28,0.215,0.34
JUDGE_flashlite_disg_exp8,ALL_RENAME,RCOMP,100,0,0,0.79,0.71,0.86,0.54,1.0,0.67,0.12,0.04,0.2,0.18,0.11,0.26
JUDGE_flashlite_disg_exp8,ALL_RENAME,ALL,300,0,0,0.583,0.527,0.64,0.46,0.927,0.437,0.147,0.093,0.2,0.247,0.2,0.297
JUDGE_flashlite_disg_exp8,ALL_EQUIV_REWRITE,E,368,0,0,0.707,0.662,0.747,0.614,0.957,0.34,0.367,0.31,0.422,0.41,0.362,0.46
JUDGE_flashlite_disg_exp8,ALL_EQUIV_REWRITE,RCOMP,200,0,0,0.79,0.745,0.84,0.59,1.0,0.67,0.12,0.045,0.2,0.27,0.21,0.33
JUDGE_flashlite_disg_exp8,ALL_EQUIV_REWRITE,ALL,568,0,0,0.736,0.704,0.766,0.606,0.972,0.456,0.28,0.234,0.326,0.361,0.321,0.4
