set,metric,n_applicable,n_pos,n_neg,prevalence,auroc,auprc,tie_rate,coverage,n_fail,threshold,precision,recall,fa,bal_acc,prec_at_10pct,prec_at_25pct,n_flagged,testable,auroc_ci,note
L_primary,parse_fail,524,230,294,0.4389312977099237,0.5,0.4389312977099237,1.0,1.0,0,0.5,,0.0,0.0,0.5,,,0,True,"[0.5, 0.5]",
L_primary,pilot_joint_conflict,524,230,294,0.4389312977099237,0.5131469979296066,0.44702150894510884,0.8855072463768116,1.0,0,0.5,0.5483870967741935,0.07391304347826087,0.047619047619047616,0.5131469979296066,0.14709517923362175,0.34097421203438394,31,True,"[0.488246918943752, 0.5386797875770577]",
L_primary,pilot_arity_incons,524,230,294,0.4389312977099237,0.5,0.4389312977099237,1.0,1.0,0,0.0,,0.0,0.0,0.5,,,0,True,"[0.5, 0.5]",
L_primary,pilot_shape_incons,524,230,294,0.4389312977099237,0.5237355811889974,0.4677099799175325,0.44596273291925465,1.0,0,0.0,0.4533898305084746,0.4652173913043478,0.4387755102040816,0.5132209405501331,0.10539117150438208,0.2611315868114354,236,True,"[0.4695465685992147, 0.578390795722822]",
L_primary,pilot_dangling,524,230,294,0.4389312977099237,0.5329858030168589,0.48397180313361854,0.281558710440698,1.0,0,0.5,0.5443037974683544,0.18695652173913044,0.12244897959183673,0.5322537710736469,0.14504026984236248,0.33728189530974867,79,True,"[0.47394878522491957, 0.5918906675639695]",
L_primary,pilot_undeclared,524,230,294,0.4389312977099237,0.5249926057379473,0.46892168568238934,0.9370896184560781,1.0,0,0.0,0.8666666666666667,0.05652173913043478,0.006802721088435374,0.5248595090209996,0.4800301431801055,0.734717416378316,15,True,"[0.5099785948336851, 0.5418994683801291]",
L_primary,pilot_rerun_jacc,505,221,284,0.4376237623762376,0.7197358358294563,0.6622955812641648,0.12212414760053533,1.0,0,0.5,0.7380952380952381,0.42081447963800905,0.11619718309859155,0.6523086482697088,0.2869341329074732,0.5469342113437287,126,True,"[0.6594945593769365, 0.7796646859037101]",
L_primary,rt_nli_min,524,230,294,0.4389312977099237,0.7095090209997043,0.7111162982744597,0.0,1.0,0,0.9774119272828102,0.7083333333333334,0.4434782608695652,0.14285714285714285,0.6503105590062113,0.25646551724137934,0.5085470085470086,144,True,"[0.6482847895253134, 0.7694048130385424]",
L_primary,rt_nli_fwd,524,230,294,0.4389312977099237,0.6517524401064774,0.6527034090661209,1.4788524105294291e-05,1.0,0,0.33368949890136723,0.6859504132231405,0.36086956521739133,0.1292517006802721,0.6158089322685596,0.23677009955172618,0.4820433803484651,121,True,"[0.587680136364407, 0.7134847191403263]",
L_primary,rt_nli_bwd,524,230,294,0.4389312977099237,0.6812333629103815,0.6767060887732907,0.0,1.0,0,0.9551530726253987,0.7,0.45652173913043476,0.15306122448979592,0.6517302573203194,0.24891146589259797,0.498546511627907,150,True,"[0.6206585871471639, 0.7417568118256044]",
L_primary,rt_nli_contra,524,230,294,0.4389312977099237,0.6277432712215321,0.6272644843386188,0.0,1.0,0,0.026751494035124845,0.7052631578947368,0.29130434782608694,0.09523809523809523,0.5980331262939957,0.253650621957815,0.5048439181916039,95,True,"[0.5664393691859259, 0.6863998795248926]",
L_primary,rt_nli_min_alt,524,230,294,0.4389312977099237,0.6885832593907129,0.6757251671875348,0.0,1.0,0,0.9949031063355506,0.6269430051813472,0.5260869565217391,0.24489795918367346,0.6405944986690327,0.192693945204589,0.41727074389471464,193,True,"[0.6274628399051115, 0.7486204626915145]",
L_primary,rt_embed_cos,524,230,294,0.4389312977099237,0.6332150251404911,0.5823631487892525,0.0011830819284235432,1.0,0,0.3201072692871094,0.5564516129032258,0.3,0.1870748299319728,0.5564625850340136,0.15123456790123455,0.3483412322274881,124,True,"[0.5744157941550172, 0.6959502908600389]",
L_primary,rt_reformalise_eq,524,230,294,0.4389312977099237,0.5131617864537119,0.44611083453184347,0.7602780242531796,0.9618320610687023,20,0.5,0.4861111111111111,0.15217391304347827,0.12585034013605442,0.5131617864537119,0.11843922651933704,0.2872696817420436,72,True,"[0.47900441121839427, 0.5468129349690042]",
L_primary,judge_cheap_orig,524,230,294,0.4389312977099237,0.7488391008577343,0.6815338703367511,0.3565365276545401,0.9866412213740458,7,0.5,0.8780487804878049,0.3130434782608696,0.034013605442176874,0.6395149364093463,0.5055889939810834,0.7541684480547243,82,True,"[0.6953185886465446, 0.8011266455874956]",
L_primary,judge_cheap_disg,524,230,294,0.4389312977099237,0.7774622892635314,0.6743173147523682,0.24288671990535343,0.9790076335877863,11,0.5,0.7710843373493976,0.5565217391304348,0.1292517006802721,0.7136350192250813,0.3235992157672067,0.5893629017102049,166,True,"[0.7202087752661073, 0.8270074623436459]",
L_primary,judge_cheap2_orig,524,230,294,0.4389312977099237,0.7502218278615793,0.7295902754735566,0.00026619343389529726,1.0,0,0.5,0.7413793103448276,0.5608695652173913,0.15306122448979592,0.7039041703637977,0.28934358692666845,0.5498434237995824,174,True,"[0.6906932879147574, 0.8097238902241902]",
L_primary,judge_cheap2_disg,524,230,294,0.4389312977099237,0.7136941733215025,0.6488277211030584,5.9154096421177164e-05,1.0,0,0.5,0.6331658291457286,0.5478260869565217,0.24829931972789115,0.6497633836143153,0.19688127810198028,0.4237765117715697,199,True,"[0.6476026323994098, 0.7767680526438387]",
L_primary,judge_strong_orig,200,68,132,0.34,0.8016934046345812,0.6876503061648258,0.15975935828877005,1.0,0,0.5,0.6515151515151515,0.6323529411764706,0.17424242424242425,0.7290552584670231,0.287363304981774,0.5474537037037037,66,True,"[0.7150081874855205, 0.8765034999113945]",
L_primary,judge_strong_disg,200,68,132,0.34,0.7302250445632799,0.5054561720270249,0.22248217468805703,1.0,0,0.5,0.4782608695652174,0.8088235294117647,0.45454545454545453,0.6771390374331551,0.16507503410641203,0.37230769230769234,115,True,"[0.6547439005119553, 0.8029338849717762]",
L_primary,judge_local_qwen8b_orig,524,230,294,0.4389312977099237,0.7548358473824313,0.7064195182582509,0.3014788524105294,1.0,0,0.5,0.9125,0.3173913043478261,0.023809523809523808,0.6467908902691512,0.5969626168224299,0.8162939297124601,80,True,"[0.7051698071110476, 0.8090617122526341]",
L_primary,judge_local_qwen8b_disg,524,230,294,0.4389312977099237,0.7569210292812777,0.6599202092141877,0.174120082815735,1.0,0,0.5,0.7297297297297297,0.3521739130434783,0.10204081632653061,0.6250665483584739,0.2771841609050912,0.5349777598059037,111,True,"[0.7018794339263442, 0.8114118896519109]",
L_primary,judge_local_llama8b_orig,524,230,294,0.4389312977099237,0.69924578527063,0.6589161691022456,0.0,1.0,0,0.5,0.6875,0.3347826086956522,0.11904761904761904,0.6078674948240166,0.2380742049469965,0.4838420107719929,112,True,"[0.6331285246439494, 0.7635475344611005]",
L_primary,judge_local_llama8b_disg,524,230,294,0.4389312977099237,0.6708222419402543,0.6194417378378505,0.0,1.0,0,0.5,0.6,0.5347826086956522,0.2789115646258503,0.627935522034901,0.1756272401433692,0.38992042440318303,205,True,"[0.6042399225315126, 0.73734531821609]",
L_primary,judge_local_qwen14b_orig,200,68,132,0.34,0.7526180926916219,0.6231737782584226,0.2895499108734403,1.0,0,0.5,0.9444444444444444,0.25,0.007575757575757576,0.6212121212121212,0.7857142857142857,0.9166666666666667,18,True,"[0.6625416435806731, 0.8339645291547177]",
L_primary,judge_local_qwen14b_disg,200,68,132,0.34,0.7599153297682709,0.517940063375589,0.11920677361853832,1.0,0,0.5,0.6071428571428571,0.5,0.16666666666666666,0.6666666666666666,0.25,0.5,56,True,"[0.6813354529941875, 0.8337149022580207]",
L_primary,rt_nli_min_localverb,524,230,294,0.4389312977099237,0.7396923986986098,0.7360945997972186,0.0,1.0,0,0.9840680196881295,0.8095238095238095,0.4434782608695652,0.08163265306122448,0.6809228039041704,0.37641211025756893,0.6442382057231246,126,True,"[0.6800278761547079, 0.7962598727858946]",
L_primary,rt_reformalise_eq_localverb,524,230,294,0.4389312977099237,0.5240757172434192,0.45162894125456354,0.5254658385093167,0.7729007633587787,119,0.5,0.47,0.40869565217391307,0.36054421768707484,0.5240757172434192,0.11186127841461047,0.2742319599904739,200,True,"[0.47136194163439155, 0.5781803335384026]",
L_borderline_to_uncertain,parse_fail,482,230,252,0.47717842323651455,0.5,0.47717842323651455,1.0,1.0,0,0.5,,0.0,0.0,0.5,,,0,True,"[0.5, 0.5]",
L_borderline_to_uncertain,pilot_joint_conflict,482,230,252,0.47717842323651455,0.5111628709454796,0.4837927716639606,0.8821256038647343,1.0,0,0.5,0.5666666666666667,0.07391304347826087,0.051587301587301584,0.5111628709454796,0.13733410271206,0.32322317790855587,30,True,"[0.48476638339130723, 0.5405263456734045]",
L_borderline_to_uncertain,pilot_arity_incons,482,230,252,0.47717842323651455,0.5,0.47717842323651455,1.0,1.0,0,0.0,,0.0,0.0,0.5,,,0,True,"[0.5, 0.5]",
L_borderline_to_uncertain,pilot_shape_incons,482,230,252,0.47717842323651455,0.5380089717046239,0.5153588117331296,0.4535886818495514,1.0,0,0.0,0.5071090047393365,0.4652173913043478,0.4126984126984127,0.5262594893029675,0.1113092584336454,0.27312507596936914,211,True,"[0.48409240094529327, 0.5933898697340166]",
L_borderline_to_uncertain,pilot_dangling,482,230,252,0.47717842323651455,0.5382246376811595,0.521770351405895,0.28731884057971013,1.0,0,0.5,0.6142857142857143,0.18695652173913044,0.10714285714285714,0.5399068322981366,0.16239546803345026,0.3677458766035431,70,True,"[0.4743745921269137, 0.5996730226910394]",
L_borderline_to_uncertain,pilot_undeclared,482,230,252,0.47717842323651455,0.524447895100069,0.5050070171574772,0.9360248447204969,1.0,0,0.0,0.8666666666666667,0.05652173913043478,0.007936507936507936,0.5242926155969634,0.441747572815534,0.7036082474226804,15,True,"[0.5087169284877673, 0.5420353982300885]",
L_borderline_to_uncertain,pilot_rerun_jacc,464,221,243,0.47629310344827586,0.7423514515017783,0.7102166464687768,0.13079343798298046,1.0,0,0.5,0.8017241379310345,0.42081447963800905,0.09465020576131687,0.6630821369383462,0.33065578087964187,0.5970989220038047,116,True,"[0.6827790144014027, 0.801004179074713]",
L_borderline_to_uncertain,rt_nli_min,482,230,252,0.47717842323651455,0.7110420979986197,0.7332577523621113,0.0,1.0,0,0.9774119272828102,0.7338129496402878,0.4434782608695652,0.14682539682539683,0.6483264320220843,0.2512757346471934,0.5016980911113713,139,True,"[0.6491780323120557, 0.7673074930423669]",
L_borderline_to_uncertain,rt_nli_fwd,482,230,252,0.47717842323651455,0.6591873706004141,0.6856956698035988,1.725327812284334e-05,1.0,0,0.33368949890136723,0.7155172413793104,0.36086956521739133,0.13095238095238096,0.6149585921325051,0.23441597740568892,0.4787803873094355,116,True,"[0.5921861337131638, 0.7182933698259474]",
L_borderline_to_uncertain,rt_nli_bwd,482,230,252,0.47717842323651455,0.6793823326432022,0.6984823506892628,0.0,1.0,0,0.9551530726253987,0.7241379310344828,0.45652173913043476,0.15873015873015872,0.648895790200138,0.24217462932454695,0.4894561598224196,145,True,"[0.6133966838273682, 0.7367356060808581]",
L_borderline_to_uncertain,rt_nli_contra,482,230,252,0.47717842323651455,0.6348688750862664,0.6617247438259412,0.0,1.0,0,0.026751494035124845,0.7613636363636364,0.29130434782608694,0.08333333333333333,0.6039855072463768,0.279749478079332,0.5381526104417671,88,True,"[0.5687106352608254, 0.6941067746386803]",
L_borderline_to_uncertain,rt_nli_min_alt,482,230,252,0.47717842323651455,0.6989475500345066,0.7127673426401486,0.0,1.0,0,0.9949031063355506,0.6836158192090396,0.5260869565217391,0.2222222222222222,0.6519323671497583,0.20826161790017209,0.4410692588092345,177,True,"[0.6297202109091348, 0.759234026669729]",
L_borderline_to_uncertain,rt_embed_cos,482,230,252,0.47717842323651455,0.6355072463768114,0.6171085569670073,0.0012422360248447205,1.0,0,0.3201072692871094,0.6,0.3,0.18253968253968253,0.5587301587301587,0.15441176470588236,0.35393258426966295,115,True,"[0.5679292787080583, 0.7007893987534318]",
L_borderline_to_uncertain,rt_reformalise_eq,482,230,252,0.47717842323651455,0.5244996549344376,0.491877216279283,0.7760524499654935,0.9585062240663901,20,0.5,0.5737704918032787,0.15217391304347827,0.10317460317460317,0.5244996549344375,0.14080459770114945,0.3295964125560538,61,True,"[0.48953224475455415, 0.558540833652451]",
L_borderline_to_uncertain,judge_cheap_orig,482,230,252,0.47717842323651455,0.749059696342305,0.7097288184364985,0.3560213940648723,0.9875518672199171,6,0.5,0.8888888888888888,0.3130434782608696,0.03571428571428571,0.6386645962732919,0.49339207048458156,0.7450110864745011,81,True,"[0.6985338533481293, 0.800096770352529]",
L_borderline_to_uncertain,judge_cheap_disg,482,230,252,0.47717842323651455,0.7918737060041408,0.7171335988564926,0.2359558316080055,0.9771784232365145,11,0.5,0.8,0.5565217391304348,0.12698412698412698,0.7147688060731539,0.32748538011695905,0.5936395759717314,160,True,"[0.7379153922650817, 0.844683436694307]",
L_borderline_to_uncertain,judge_cheap2_orig,482,230,252,0.47717842323651455,0.7590579710144927,0.7627224285425628,0.0002933057280883368,1.0,0,0.5,0.7865853658536586,0.5608695652173913,0.1388888888888889,0.7109903381642513,0.30972388955582236,0.5737583395107487,164,True,"[0.6962188098638805, 0.8213632206499977]",
L_borderline_to_uncertain,judge_cheap2_disg,482,230,252,0.47717842323651455,0.7308143547273982,0.6992489755351001,6.901311249137337e-05,1.0,0,0.5,0.6885245901639344,0.5478260869565217,0.2261904761904762,0.6608178053830227,0.21204471691309051,0.4466953659154216,183,True,"[0.6650191328757271, 0.7983976170866487]",
L_borderline_to_uncertain,judge_strong_orig,181,68,113,0.3756906077348066,0.8071317022384175,0.7186581069523674,0.15304528891202498,1.0,0,0.5,0.6935483870967742,0.6323529411764706,0.168141592920354,0.7321056741280583,0.29471704979680957,0.5562678878076702,62,True,"[0.7154853675362235, 0.8831451270006387]",
L_borderline_to_uncertain,judge_strong_disg,181,68,113,0.3756906077348066,0.7289172306090578,0.5336442443355802,0.22878709005726183,1.0,0,0.5,0.5339805825242718,0.8088235294117647,0.4247787610619469,0.6920223841749089,0.1746227978983451,0.3882676329106016,103,True,"[0.6512974924012158, 0.8054817920807991]",
L_borderline_to_uncertain,judge_local_qwen8b_orig,482,230,252,0.47717842323651455,0.7620341614906833,0.7450908306283528,0.30426155969634233,1.0,0,0.5,0.9605263157894737,0.3173913043478261,0.011904761904761904,0.6527432712215321,0.7476225310899781,0.8988566402814424,76,True,"[0.7098779841253837, 0.8139119558388698]",
L_borderline_to_uncertain,judge_local_qwen8b_disg,482,230,252,0.47717842323651455,0.7716356107660455,0.7109203023522384,0.17539682539682538,1.0,0,0.5,0.801980198019802,0.3521739130434783,0.07936507936507936,0.6364044168391995,0.33022714036109496,0.5966327604349352,101,True,"[0.713068442143359, 0.8247039052472517]",
L_borderline_to_uncertain,judge_local_llama8b_orig,482,230,252,0.47717842323651455,0.7122843340234645,0.7037289144304517,0.0,1.0,0,0.5,0.7264150943396226,0.3347826086956522,0.11507936507936507,0.6098516218081436,0.24427826875141634,0.4923123763129853,106,True,"[0.6428862228520875, 0.7806217047851941]",
L_borderline_to_uncertain,judge_local_llama8b_disg,482,230,252,0.47717842323651455,0.6945307108350587,0.6778366956612696,0.0,1.0,0,0.5,0.6795580110497238,0.5347826086956522,0.23015873015873015,0.652311939268461,0.2051954242135367,0.4364650219668807,181,True,"[0.6217361870586015, 0.7618481052431042]",
L_borderline_to_uncertain,judge_local_qwen14b_orig,181,68,113,0.3756906077348066,0.7656168662155127,0.6598308713402403,0.27745965642894327,1.0,0,0.5,0.9444444444444444,0.25,0.008849557522123894,0.620575221238938,0.7583892617449665,0.904,18,True,"[0.6751323333333333, 0.8419975337162836]",
L_borderline_to_uncertain,judge_local_qwen14b_disg,181,68,113,0.3756906077348066,0.7691957313899012,0.5621863394480147,0.1146538261322228,1.0,0,0.5,0.6415094339622641,0.5,0.168141592920354,0.665929203539823,0.24835164835164833,0.49779735682819376,53,True,"[0.6825570565206377, 0.849545471911486]",
L_borderline_to_uncertain,rt_nli_min_localverb,482,230,252,0.47717842323651455,0.7365424430641823,0.7580748661729326,0.0,1.0,0,0.9840680196881295,0.8292682926829268,0.4434782608695652,0.08333333333333333,0.680072463768116,0.37158469945355194,0.6394984326018809,123,True,"[0.6765540018883932, 0.7930604561014759]",
L_borderline_to_uncertain,rt_reformalise_eq_localverb,482,230,252,0.47717842323651455,0.5337129054520359,0.495587628039369,0.5289855072463768,0.7842323651452282,104,0.5,0.5222222222222223,0.40869565217391307,0.3412698412698413,0.533712905452036,0.11743708727467428,0.28530134412487357,180,True,"[0.4799786633245009, 0.5885750215830695]",
L_pessimistic_err_or_uncertain,parse_fail,740,446,294,0.6027027027027027,0.5,0.6027027027027027,1.0,1.0,0,0.5,,0.0,0.0,0.5,,,0,True,"[0.5, 0.5]",
L_pessimistic_err_or_uncertain,pilot_joint_conflict,740,446,294,0.6027027027027027,0.508701686952808,0.6073658443092169,0.8935511424300662,1.0,0,0.5,0.6744186046511628,0.06502242152466367,0.047619047619047616,0.508701686952808,0.13173264114211553,0.31278890600924497,43,True,"[0.4881754460591816, 0.5283225312574112]",
L_pessimistic_err_or_uncertain,pilot_arity_incons,740,446,294,0.6027027027027027,0.5,0.6027027027027027,1.0,1.0,0,0.0,,0.0,0.0,0.5,,,0,True,"[0.5, 0.5]",
L_pessimistic_err_or_uncertain,pilot_shape_incons,740,446,294,0.6027027027027027,0.49546993685366525,0.6157437698029044,0.4575821359934108,1.0,0,0.0,0.5852090032154341,0.4080717488789238,0.4387755102040816,0.48464811933742113,0.09365777838456611,0.23664588032373624,311,True,"[0.4444283690344139, 0.5446107260805385]",
L_pessimistic_err_or_uncertain,pilot_dangling,740,446,294,0.6027027027027027,0.5284082242762576,0.6369499465498907,0.2792471248589122,1.0,0,0.5,0.6923076923076923,0.18161434977578475,0.12244897959183673,0.529582685091974,0.14148219441770934,0.3308327081770443,117,True,"[0.47143885861815593, 0.5831571972561486]",
L_pessimistic_err_or_uncertain,pilot_undeclared,740,446,294,0.6027027027027027,0.5191002409932582,0.6190069706885849,0.9486974161862054,1.0,0,0.0,0.9090909090909091,0.04484304932735426,0.006802721088435374,0.5190201641194594,0.4227782571182054,0.6872370266479663,22,True,"[0.5086810136163052, 0.5320959761513739]",
L_pessimistic_err_or_uncertain,pilot_rerun_jacc,709,425,284,0.5994358251057827,0.7412261806130904,0.7881190079290598,0.1047804473902237,1.0,0,0.5,0.8472222222222222,0.43058823529411766,0.11619718309859155,0.6571955260977631,0.2916547416623176,0.5526173083670931,216,True,"[0.6900473733967618, 0.7907079805983805]",
L_pessimistic_err_or_uncertain,rt_nli_min,740,446,294,0.6027027027027027,0.7331304719197096,0.8234723936391749,0.0,1.0,0,0.9774119272828102,0.832,0.4663677130044843,0.14285714285714285,0.6617552850736708,0.2661791590493602,0.5211166785969935,250,True,"[0.6848288182421228, 0.7814437828237568]",
L_pessimistic_err_or_uncertain,rt_nli_fwd,740,446,294,0.6027027027027027,0.6924781123211616,0.7837859037046785,7.626368933223514e-06,1.0,0,0.33368949890136723,0.822429906542056,0.39461883408071746,0.1292517006802721,0.6326835667002227,0.2533043529342654,0.5043864779506375,214,True,"[0.6392504264805424, 0.7450418645596297]",
L_pessimistic_err_or_uncertain,rt_nli_bwd,740,446,294,0.6027027027027027,0.7140111650041182,0.8087101922837572,0.0,1.0,0,0.9551530726253987,0.8275862068965517,0.484304932735426,0.15306122448979592,0.665621854122815,0.2601194426011944,0.5133129637712789,261,True,"[0.6633530522974292, 0.7610097352471688]",
L_pessimistic_err_or_uncertain,rt_nli_contra,740,446,294,0.6027027027027027,0.6606342088404868,0.7552481044309529,0.0,1.0,0,0.026751494035124845,0.8082191780821918,0.2645739910313901,0.09523809523809523,0.5846679478966474,0.23586521987435752,0.4807916181606519,146,True,"[0.6071310749205965, 0.7114447314565239]",
L_pessimistic_err_or_uncertain,rt_nli_min_alt,740,446,294,0.6027027027027027,0.7024038314877521,0.7972536440903247,1.5252737866447027e-05,1.0,0,0.9949031063355506,0.7763975155279503,0.5605381165919282,0.24489795918367346,0.6578200787041274,0.20275414611539602,0.4327704373631032,322,True,"[0.6503884300108846, 0.7527954242182023]",
L_pessimistic_err_or_uncertain,rt_embed_cos,740,446,294,0.6027027027027027,0.6601308684908941,0.7519029131530681,0.001220219029315762,1.0,0,0.3201072692871094,0.751131221719457,0.3721973094170404,0.1870748299319728,0.5925612397425337,0.181041198335151,0.3987450365213981,221,True,"[0.604204959862736, 0.7155402072105383]",
L_pessimistic_err_or_uncertain,rt_reformalise_eq,740,446,294,0.6027027027027027,0.5514246057167261,0.6326875573834957,0.7030139410024099,0.9432432432432433,42,0.5,0.7338129496402878,0.22869955156950672,0.12585034013605442,0.5514246057167261,0.1679943531309872,0.37723601781266514,139,True,"[0.5133919310126561, 0.5870888210229707]",
L_pessimistic_err_or_uncertain,judge_cheap_orig,740,446,294,0.6027027027027027,0.7938897532107013,0.8218045066019025,0.28815472377291723,0.9851351351351352,11,0.5,0.9447513812154696,0.3834080717488789,0.034013605442176874,0.6746972331533511,0.5560422058530758,0.7898011122631727,181,True,"[0.7532841440104991, 0.8327260335415898]",
L_pessimistic_err_or_uncertain,judge_cheap_disg,740,446,294,0.6027027027027027,0.8040251975229554,0.8159761763011972,0.22017327110216284,0.9756756756756757,18,0.5,0.8823529411764706,0.6390134529147982,0.1292517006802721,0.7548808761172631,0.3545586107091172,0.6223539373412362,323,True,"[0.7573068066356861, 0.8496212466216795]",
L_pessimistic_err_or_uncertain,judge_cheap2_orig,740,446,294,0.6027027027027027,0.7783243342179922,0.8395738504812011,0.00015252737866447026,1.0,0,0.5,0.856687898089172,0.6031390134529148,0.15306122448979592,0.7250388944815594,0.3045095411911472,0.5677549965541006,314,True,"[0.7287237020324694, 0.827032867919763]",
L_pessimistic_err_or_uncertain,judge_cheap2_disg,740,446,294,0.6027027027027027,0.753142064000488,0.8049354871172176,3.0505475732894054e-05,1.0,0,0.5,0.7852941176470588,0.5986547085201793,0.24829931972789115,0.6751776943961441,0.21128875968992245,0.44557591444724465,340,True,"[0.6965532913165267, 0.8055913631335552]",
L_pessimistic_err_or_uncertain,judge_strong_orig,200,68,132,0.34,0.8016934046345812,0.6876503061648258,0.15975935828877005,1.0,0,0.5,0.6515151515151515,0.6323529411764706,0.17424242424242425,0.7290552584670231,0.287363304981774,0.5474537037037037,66,True,"[0.7081961919138554, 0.8796515279340082]",
L_pessimistic_err_or_uncertain,judge_strong_disg,200,68,132,0.34,0.7302250445632799,0.5054561720270249,0.22248217468805703,1.0,0,0.5,0.4782608695652174,0.8088235294117647,0.45454545454545453,0.6771390374331551,0.16507503410641203,0.37230769230769234,115,True,"[0.6479051822874912, 0.8034383549031986]",
L_pessimistic_err_or_uncertain,judge_local_qwen8b_orig,740,446,294,0.6027027027027027,0.7954226533662794,0.831096425850989,0.24216771910557947,1.0,0,0.5,0.9527027027027027,0.31614349775784756,0.023809523809523808,0.646166986974162,0.5960144927536232,0.8157024793388431,148,True,"[0.7529918139588522, 0.8332432750808113]",
L_pessimistic_err_or_uncertain,judge_local_qwen8b_disg,740,446,294,0.6027027027027027,0.76805161526494,0.7816464382789912,0.15731673835453464,1.0,0,0.5,0.8378378378378378,0.3475336322869955,0.10204081632653061,0.6227464079802325,0.274534610518706,0.5316765838291915,185,True,"[0.7131835297448278, 0.8182849256703222]",
L_pessimistic_err_or_uncertain,judge_local_llama8b_orig,740,446,294,0.6027027027027027,0.7172981300143377,0.7960079108083604,0.0,1.0,0,0.5,0.8241206030150754,0.36771300448430494,0.11904761904761904,0.6243326927183429,0.2555085688849322,0.5072912063632347,199,True,"[0.6616416485938369, 0.7717893583993863]",
L_pessimistic_err_or_uncertain,judge_local_llama8b_disg,740,446,294,0.6027027027027027,0.7049815441871815,0.7800729782154683,0.0,1.0,0,0.5,0.764367816091954,0.5964125560538116,0.2789115646258503,0.6587504957139807,0.1919813821952513,0.41615581098339716,348,True,"[0.6508309019622016, 0.7623273643176993]",
L_pessimistic_err_or_uncertain,judge_local_qwen14b_orig,200,68,132,0.34,0.7526180926916219,0.6231737782584226,0.2895499108734403,1.0,0,0.5,0.9444444444444444,0.25,0.007575757575757576,0.6212121212121212,0.7857142857142857,0.9166666666666667,18,True,"[0.6649840082951722, 0.8339368071382078]",
L_pessimistic_err_or_uncertain,judge_local_qwen14b_disg,200,68,132,0.34,0.7599153297682709,0.517940063375589,0.11920677361853832,1.0,0,0.5,0.6071428571428571,0.5,0.16666666666666666,0.6666666666666666,0.25,0.5,56,True,"[0.671532039164003, 0.8391950180822955]",
L_pessimistic_err_or_uncertain,rt_nli_min_localverb,740,446,294,0.6027027027027027,0.763956255147799,0.8416950140028685,0.0,1.0,0,0.9840680196881295,0.8942731277533039,0.4551569506726457,0.08163265306122448,0.6867621488057105,0.38253278467869095,0.6501732139355514,227,True,"[0.7148475324943316, 0.8080408634333517]",
L_pessimistic_err_or_uncertain,rt_reformalise_eq_localverb,740,446,294,0.6027027027027027,0.5383377566273146,0.622437852091622,0.5175101430706812,0.7972972972972973,150,0.5,0.6478405315614618,0.437219730941704,0.36054421768707484,0.5383377566273146,0.11874137866756142,0.2878618985930768,301,True,"[0.48947973002696277, 0.5863287512463979]",
L_exclude_subst_only,parse_fail,396,102,294,0.25757575757575757,0.5,0.25757575757575757,1.0,1.0,0,0.5,,0.0,0.0,0.5,,,0,True,"[0.5, 0.5]",
L_exclude_subst_only,pilot_joint_conflict,396,102,294,0.25757575757575757,0.4859943977591036,0.25497623291740934,0.934640522875817,1.0,0,0.5,0.125,0.0196078431372549,0.047619047619047616,0.4859943977591036,0.04375,0.12068965517241381,16,True,"[0.46757612498680856, 0.5075392866488645]",
L_exclude_subst_only,pilot_arity_incons,396,102,294,0.25757575757575757,0.5,0.25757575757575757,1.0,1.0,0,0.0,,0.0,0.0,0.5,,,0,True,"[0.5, 0.5]",
L_exclude_subst_only,pilot_shape_incons,396,102,294,0.25757575757575757,0.545968387354942,0.31049485987047604,0.4256702681072429,1.0,0,0.0,0.27932960893854747,0.49019607843137253,0.4387755102040816,0.5257102841136455,0.11042502366250506,0.27134787905637386,179,True,"[0.46900182193156037, 0.6213727436182181]",
L_exclude_subst_only,pilot_dangling,396,102,294,0.25757575757575757,0.5365146058423369,0.2903667285241533,0.26924102974523145,1.0,0,0.5,0.3333333333333333,0.17647058823529413,0.12244897959183673,0.5270108043217288,0.13802816901408452,0.32450331125827814,54,True,"[0.4598634680051698, 0.6072552752820451]",
L_exclude_subst_only,pilot_undeclared,396,102,294,0.25757575757575757,0.5113211951447245,0.2696078431372549,0.9640189409096972,1.0,0,0.0,0.6,0.029411764705882353,0.006802721088435374,0.5113045218087234,0.32450331125827814,0.5903614457831325,5,True,"[0.494827138766257, 0.5346579780104447]",
L_exclude_subst_only,pilot_rerun_jacc,380,96,284,0.25263157894736843,0.6722784624413145,0.3966117749116729,0.15126173708920188,1.0,0,0.5,0.49230769230769234,0.3333333333333333,0.11619718309859155,0.6085680751173709,0.24170212765957447,0.4888123924268502,65,True,"[0.5902599648072657, 0.7539133543800361]",
L_exclude_subst_only,rt_nli_min,396,102,294,0.25757575757575757,0.6713685474189676,0.5089230333636058,0.0,1.0,0,0.9774119272828102,0.48148148148148145,0.38235294117647056,0.14285714285714285,0.6197478991596639,0.22921914357682624,0.4715025906735751,81,True,"[0.5858916666697619, 0.7565358488305403]",
L_exclude_subst_only,rt_nli_fwd,396,102,294,0.25757575757575757,0.6474923302654394,0.5015916277068904,0.0,1.0,0,0.33368949890136723,0.4794520547945205,0.3431372549019608,0.1292517006802721,0.6069427771108444,0.22778589454110773,0.46947714207500685,73,True,"[0.5627206602956305, 0.7365285111713683]",
L_exclude_subst_only,rt_nli_bwd,396,102,294,0.25757575757575757,0.6520274776577297,0.464866753136185,0.0,1.0,0,0.9551530726253987,0.48863636363636365,0.4215686274509804,0.15306122448979592,0.6342537014805922,0.2343193950177936,0.47864606996819625,88,True,"[0.5700148845200992, 0.7356940063729432]",
L_exclude_subst_only,rt_nli_contra,396,102,294,0.25757575757575757,0.633720154728558,0.5044107120215913,0.0,1.0,0,0.026751494035124845,0.5333333333333333,0.3137254901960784,0.09523809523809523,0.6092436974789917,0.2679425837320574,0.5233644859813085,60,True,"[0.5511361843573774, 0.7228832786652251]",
L_exclude_subst_only,rt_nli_min_alt,396,102,294,0.25757575757575757,0.6945111377884488,0.5237134989728321,0.0,1.0,0,0.9949031063355506,0.4,0.47058823529411764,0.24489795918367346,0.6128451380552221,0.17594254937163373,0.3904382470119522,120,True,"[0.615139811138889, 0.7719172753080744]",
L_exclude_subst_only,rt_embed_cos,396,102,294,0.25757575757575757,0.6031079098305989,0.3571243450469187,0.0026677337601707348,1.0,0,0.3201072692871094,0.35294117647058826,0.29411764705882354,0.1870748299319728,0.5535214085634254,0.14871016691957512,0.343859649122807,85,True,"[0.5251620415098115, 0.6804228771944214]",
L_exclude_subst_only,rt_reformalise_eq,396,102,294,0.25757575757575757,0.4958983593437375,0.2560842518825712,0.7861144457783114,0.9696969696969697,12,0.5,0.24489795918367346,0.11764705882352941,0.12585034013605442,0.4958983593437375,0.09409505520883342,0.23757575757575758,49,True,"[0.46057906363597656, 0.5365930816921299]",
L_exclude_subst_only,judge_cheap_orig,396,102,294,0.25757575757575757,0.7228224623182606,0.49873313301747935,0.3964919301053755,0.9848484848484849,6,0.5,0.7368421052631579,0.27450980392156865,0.034013605442176874,0.6202480992396958,0.4727773949000689,0.7290116896918172,38,True,"[0.6520569440488053, 0.794444379198194]",
L_exclude_subst_only,judge_cheap_disg,396,102,294,0.25757575757575757,0.7595038015206084,0.4721940573043514,0.2582366279845271,0.9797979797979798,8,0.5,0.5824175824175825,0.5196078431372549,0.1292517006802721,0.6951780712284914,0.308762335037451,0.5726571113561191,91,True,"[0.6868166862667722, 0.8301009737481247]",
L_exclude_subst_only,judge_cheap2_orig,396,102,294,0.25757575757575757,0.7399959983993598,0.5075515628163982,0.00030012004801920766,1.0,0,0.5,0.53125,0.5,0.15306122448979592,0.673469387755102,0.2663043478260869,0.5212765957446809,96,True,"[0.6608476514856295, 0.8174618086150902]",
L_exclude_subst_only,judge_cheap2_disg,396,102,294,0.25757575757575757,0.682406295851674,0.38224034581977523,3.3346672002134185e-05,1.0,0,0.5,0.39669421487603307,0.47058823529411764,0.24829931972789115,0.6111444577831133,0.1739516307965387,0.3871604938271605,121,True,"[0.6002655768100504, 0.7605717735711814]",
L_exclude_subst_only,judge_strong_orig,165,33,132,0.2,0.720615243342516,0.48664782182112093,0.2056932966023875,1.0,0,0.5,0.425,0.5151515151515151,0.17424242424242425,0.6704545454545454,0.24727272727272726,0.49635036496350365,40,False,"[0.5798579882527137, 0.8528979430180802]",
L_exclude_subst_only,judge_strong_disg,165,33,132,0.2,0.6733241505968779,0.28471740320479816,0.23094582185491278,1.0,0,0.5,0.29411764705882354,0.7575757575757576,0.45454545454545453,0.6515151515151515,0.15625000000000003,0.35714285714285715,85,False,"[0.5677550526024363, 0.7873978592293082]",
L_exclude_subst_only,judge_local_qwen8b_orig,396,102,294,0.25757575757575757,0.7305255435507536,0.5256960750319829,0.3298652794451114,1.0,0,0.5,0.7941176470588235,0.2647058823529412,0.023809523809523808,0.6204481792717087,0.5526315789473685,0.7875,34,True,"[0.6616646488398431, 0.8014935553714847]",
L_exclude_subst_only,judge_local_qwen8b_disg,396,102,294,0.25757575757575757,0.7459150326797384,0.46107825287189486,0.1783046551954115,1.0,0,0.5,0.4915254237288136,0.28431372549019607,0.10204081632653061,0.5911364545818327,0.2363999334553319,0.481531684174856,59,True,"[0.6779997730048292, 0.8146346935930342]",
L_exclude_subst_only,judge_local_llama8b_orig,396,102,294,0.25757575757575757,0.675703614779245,0.41553668823897066,0.0,1.0,0,0.5,0.4262295081967213,0.2549019607843137,0.11904761904761904,0.5679271708683473,0.1921858500527983,0.41647597254004576,61,True,"[0.5906031365719184, 0.7604438632046479]",
L_exclude_subst_only,judge_local_llama8b_disg,396,102,294,0.25757575757575757,0.624483126583967,0.35955400049811803,0.0,1.0,0,0.5,0.359375,0.45098039215686275,0.2789115646258503,0.5860344137655062,0.1522972972972973,0.3502175264139217,128,True,"[0.5420116657166814, 0.7134175171985637]",
L_exclude_subst_only,judge_local_qwen14b_orig,165,33,132,0.2,0.6485307621671258,0.32836125227429575,0.4251606978879706,1.0,0,0.5,0.75,0.09090909090909091,0.007575757575757576,0.5416666666666666,0.5714285714285714,0.7999999999999999,4,False,"[0.5317022193268758, 0.7620459290789959]",
L_exclude_subst_only,judge_local_qwen14b_disg,165,33,132,0.2,0.6963957759412305,0.2980626325095808,0.15358126721763085,1.0,0,0.5,0.35294117647058826,0.36363636363636365,0.16666666666666666,0.5984848484848485,0.19512195121951223,0.4210526315789474,34,False,"[0.5876116447923255, 0.8113186660407337]",
L_exclude_subst_only,rt_nli_min_localverb,396,102,294,0.25757575757575757,0.7196211818060557,0.5444274051870943,0.0,1.0,0,0.9840680196881295,0.6065573770491803,0.3627450980392157,0.08163265306122448,0.6405562224889956,0.3305378304466728,0.5969706947645703,61,True,"[0.639150796418202, 0.8010100004677301]",
L_exclude_subst_only,rt_reformalise_eq_localverb,396,102,294,0.25757575757575757,0.5305122048819528,0.2706506438247457,0.5218754168334,0.7727272727272727,90,0.5,0.28859060402684567,0.4215686274509804,0.36054421768707484,0.5305122048819528,0.11497953615279673,0.28044722481032874,149,True,"[0.4696496873102854, 0.594837804592315]",
L_unparseable_as_error,parse_fail,580,286,294,0.49310344827586206,0.5979020979020979,0.5923559199421268,0.8041958041958042,1.0,0,0.5,1.0,0.1958041958041958,0.0,0.5979020979020979,1.0,1.0,56,True,"[0.5663077346041056, 0.6354602791196994]",
L_unparseable_as_error,pilot_joint_conflict,580,286,294,0.49310344827586206,0.6038128538128538,0.5814122658950245,0.7214452214452215,0.903448275862069,56,0.5,0.8390804597701149,0.25524475524475526,0.047619047619047616,0.6038128538128538,0.37326515704894087,0.6411543287327478,87,True,"[0.5669857594151896, 0.6459551270478818]",
L_unparseable_as_error,pilot_arity_incons,580,286,294,0.49310344827586206,0.5979020979020979,0.5923559199421268,0.8041958041958042,0.903448275862069,56,0.0,1.0,0.1958041958041958,0.0,0.5979020979020979,1.0,1.0,56,True,"[0.5663077346041056, 0.6354602791196994]",
L_unparseable_as_error,pilot_shape_incons,580,286,294,0.49310344827586206,0.6169901527044385,0.6416441265846787,0.35864135864135865,0.903448275862069,56,0.0,0.5582191780821918,0.5699300699300699,0.4387755102040816,0.5655772798629942,0.1261211470439616,0.3021487478247711,292,True,"[0.5617873048912033, 0.6741393350901318]",
L_unparseable_as_error,pilot_dangling,580,286,294,0.49310344827586206,0.6227641406212835,0.6523493879362893,0.22975833690119404,0.903448275862069,56,0.5,0.7333333333333333,0.34615384615384615,0.12244897959183673,0.6118524332810048,0.23902439024390246,0.4851485148514852,135,True,"[0.5672416001432141, 0.6800145334750365]",
L_unparseable_as_error,pilot_undeclared,580,286,294,0.49310344827586206,0.6180010465724752,0.6151424489046723,0.753603539317825,0.903448275862069,56,0.0,0.971830985915493,0.24125874125874125,0.006802721088435374,0.6172280100851529,0.7975937721160651,0.9220070902645213,71,True,"[0.5842329153202719, 0.6559931778681749]",
L_unparseable_as_error,pilot_rerun_jacc,561,277,284,0.49376114081996436,0.7746161082015559,0.7801484813073073,0.10099405094828902,0.9001782531194296,56,0.5,0.8186813186813187,0.5379061371841155,0.11619718309859155,0.7108544770427621,0.3396556567805113,0.606776695966389,182,True,"[0.7208436692650836, 0.828073831840834]",
L_unparseable_as_error,rt_nli_min,580,286,294,0.49310344827586206,0.7223609723609723,0.7566070974064496,0.0,1.0,0,0.9774119272828102,0.7543859649122807,0.45104895104895104,0.14285714285714285,0.6540959040959041,0.2597066436583262,0.5127768313458262,171,True,"[0.6682887200607468, 0.7761026580329885]",
L_unparseable_as_error,rt_nli_fwd,580,286,294,0.49310344827586206,0.6662920412920413,0.7006232314093228,1.1892869035726179e-05,1.0,0,0.33368949890136723,0.7379310344827587,0.3741258741258741,0.1292517006802721,0.6224370867228011,0.24335112555117197,0.4910555399456776,145,True,"[0.6080939590018777, 0.7232336929891287]",
L_unparseable_as_error,rt_nli_bwd,580,286,294,0.49310344827586206,0.6953879453879455,0.7295321495756889,0.0,1.0,0,0.9551530726253987,0.75,0.47202797202797203,0.15306122448979592,0.659483373769088,0.2552083333333333,0.506896551724138,180,True,"[0.6381466314725752, 0.7529318002800061]",
L_unparseable_as_error,rt_nli_contra,580,286,294,0.49310344827586206,0.6372318158032444,0.6651761610149166,0.0,1.0,0,0.026751494035124845,0.7358490566037735,0.2727272727272727,0.09523809523809523,0.5887445887445888,0.2413793103448276,0.4883720930232558,106,True,"[0.5799804365060048, 0.6970478848043161]",
L_unparseable_as_error,rt_nli_min_alt,580,286,294,0.49310344827586206,0.6958041958041958,0.7234456222499253,0.0,1.0,0,0.9949031063355506,0.6785714285714286,0.5314685314685315,0.24489795918367346,0.643285286142429,0.1942821368948247,0.4197475202885483,224,True,"[0.638232151693011, 0.7550761651908388]",
L_unparseable_as_error,rt_embed_cos,580,286,294,0.49310344827586206,0.6442605014033586,0.6429924434876135,0.0009514295228580943,1.0,0,0.3201072692871094,0.6333333333333333,0.3321678321678322,0.1870748299319728,0.5725465011179296,0.16477876106194692,0.3718051118210863,150,True,"[0.583181429700637, 0.7005035454873032]",
L_unparseable_as_error,rt_reformalise_eq,580,286,294,0.49310344827586206,0.5961657390228818,0.5624142829153604,0.6360544217687075,0.8689655172413793,76,0.5,0.7109375,0.3181818181818182,0.12585034013605442,0.5961657390228818,0.21930946291560102,0.4573333333333333,128,True,"[0.5515884268926049, 0.6425633247230004]",
L_unparseable_as_error,judge_cheap_orig,580,286,294,0.49310344827586206,0.7428167071024214,0.7159762338374098,0.36553922268207983,0.9827586206896551,10,0.5,0.9029126213592233,0.32517482517482516,0.034013605442176874,0.6455806098663242,0.5150898609698202,0.7611491565057624,103,True,"[0.697987880360728, 0.7883783979622631]",
L_unparseable_as_error,judge_cheap_disg,580,286,294,0.49310344827586206,0.7798511012796728,0.7217140341610147,0.2415917415917416,0.9793103448275862,12,0.5,0.8118811881188119,0.5734265734265734,0.1292517006802721,0.7220874363731506,0.33018325252691266,0.5965850037119526,202,True,"[0.7276871149507504, 0.8288323073744601]",
L_unparseable_as_error,judge_cheap2_orig,580,286,294,0.49310344827586206,0.7602159745016888,0.7688425613915467,0.0002735359878217021,1.0,0,0.5,0.7857142857142857,0.5769230769230769,0.15306122448979592,0.7119309262166404,0.2951807228915662,0.5568181818181818,210,True,"[0.7077213096013125, 0.8112530199947903]",
L_unparseable_as_error,judge_cheap2_disg,580,286,294,0.49310344827586206,0.7233718662290092,0.7050284182135822,9.514295228580943e-05,1.0,0,0.5,0.683982683982684,0.5524475524475524,0.24829931972789115,0.6520741163598307,0.19821295988120533,0.42582916231230405,231,True,"[0.6625661355176503, 0.7818287701147556]",
L_unparseable_as_error,judge_strong_orig,200,68,132,0.34,0.8016934046345812,0.6876503061648258,0.15975935828877005,1.0,0,0.5,0.6515151515151515,0.6323529411764706,0.17424242424242425,0.7290552584670231,0.287363304981774,0.5474537037037037,66,True,"[0.7146371507898385, 0.8763901854941419]",
L_unparseable_as_error,judge_strong_disg,200,68,132,0.34,0.7302250445632799,0.5054561720270249,0.22248217468805703,1.0,0,0.5,0.4782608695652174,0.8088235294117647,0.45454545454545453,0.6771390374331551,0.16507503410641203,0.37230769230769234,115,True,"[0.6529326492481804, 0.8057441560618139]",
L_unparseable_as_error,judge_local_qwen8b_orig,580,286,294,0.49310344827586206,0.756214024071167,0.7420117470835579,0.2990699776414062,1.0,0,0.5,0.9292929292929293,0.32167832167832167,0.023809523809523808,0.648934398934399,0.6001863932898416,0.818297331639136,99,True,"[0.7079529696659832, 0.8045277407228493]",
L_unparseable_as_error,judge_local_qwen8b_disg,580,286,294,0.49310344827586206,0.7545728081442367,0.7004367521336878,0.17811949954807096,1.0,0,0.5,0.7777777777777778,0.36713286713286714,0.10204081632653061,0.6325460254031683,0.28559533721898417,0.5453100158982511,135,True,"[0.7032583961620605, 0.8073740967911135]",
L_unparseable_as_error,judge_local_llama8b_orig,580,286,294,0.49310344827586206,0.7037367394510251,0.7087908027218661,0.0,1.0,0,0.5,0.732824427480916,0.3356643356643357,0.11904761904761904,0.6083083583083583,0.23855165069222578,0.48449891852919974,131,True,"[0.6428077542754039, 0.7650478182544761]",
L_unparseable_as_error,judge_local_llama8b_disg,580,286,294,0.49310344827586206,0.6668093810950955,0.6698157409323311,0.0,1.0,0,0.5,0.6554621848739496,0.5454545454545454,0.2789115646258503,0.6332714904143475,0.17850637522768667,0.3946308724832215,238,True,"[0.6021901427252349, 0.7315020309134744]",
L_unparseable_as_error,judge_local_qwen14b_orig,200,68,132,0.34,0.7526180926916219,0.6231737782584226,0.2895499108734403,1.0,0,0.5,0.9444444444444444,0.25,0.007575757575757576,0.6212121212121212,0.7857142857142857,0.9166666666666667,18,True,"[0.6669629328960673, 0.8324117075892857]",
L_unparseable_as_error,judge_local_qwen14b_disg,200,68,132,0.34,0.7599153297682709,0.517940063375589,0.11920677361853832,1.0,0,0.5,0.6071428571428571,0.5,0.16666666666666666,0.6666666666666666,0.25,0.5,56,True,"[0.6788847269578987, 0.8414951764979602]",
L_unparseable_as_error,rt_nli_min_localverb,580,286,294,0.49310344827586206,0.7552209695066838,0.778603069701106,0.0,1.0,0,0.9840680196881295,0.8389261744966443,0.4370629370629371,0.08163265306122448,0.6777151420008563,0.3729979903781743,0.6408914931463848,149,True,"[0.7007176345116163, 0.8082800563717243]",
L_unparseable_as_error,rt_reformalise_eq_localverb,580,286,294,0.49310344827586206,0.5819656533942249,0.5417926362430673,0.4931734931734932,0.6982758620689655,175,0.5,0.5859375,0.5244755244755245,0.36054421768707484,0.5819656533942249,0.13914129940935938,0.3265505598009596,256,True,"[0.5299997351345179, 0.6367270742580862]",
H_primary,parse_fail,177,24,153,0.13559322033898305,0.5,0.13559322033898305,1.0,1.0,0,0.5,,0.0,0.0,0.5,,,0,False,"[0.5, 0.5]",
H_primary,pilot_joint_conflict,177,24,153,0.13559322033898305,0.42933006535947715,0.13138028443405417,0.7905773420479303,1.0,0,0.5,0.034482758620689655,0.041666666666666664,0.1830065359477124,0.42933006535947715,0.024673439767779387,0.07053941908713694,29,False,"[0.3841059602649007, 0.48733660130718953]",
H_primary,pilot_arity_incons,177,24,153,0.13559322033898305,0.5175653594771242,0.1507768361581921,0.9523420479302832,1.0,0,0.0,0.5,0.041666666666666664,0.006535947712418301,0.5175653594771242,0.41463414634146345,0.6799999999999999,2,False,"[0.49044585987261147, 0.5649560117302053]",
H_primary,pilot_shape_incons,177,24,153,0.13559322033898305,0.3906590413943355,0.12103895955367856,0.3668300653594771,1.0,0,0.0,0.08421052631578947,0.3333333333333333,0.5686274509803921,0.38235294117647056,0.06115107913669065,0.16346153846153846,95,False,"[0.2852467105263158, 0.5133847453079159]",
H_primary,pilot_dangling,165,21,144,0.12727272727272726,0.671792328042328,0.3028084503167559,0.3521825396825397,1.0,0,0.5,0.5714285714285714,0.19047619047619047,0.020833333333333332,0.5848214285714286,0.5039370078740157,0.7529411764705882,7,False,"[0.5571853301672388, 0.7904967266775778]",
H_primary,pilot_undeclared,0,,,,,,,,,,,,,,,,,,,not applicable / single class
H_primary,pilot_rerun_jacc,0,,,,,,,,,,,,,,,,,,,not applicable / single class
H_primary,rt_nli_min,177,24,153,0.13559322033898305,0.7410130718954249,0.34329225572304767,0.0,1.0,0,0.9774119272828102,0.2727272727272727,0.25,0.10457516339869281,0.5727124183006536,0.20987654320987656,0.4434782608695652,22,False,"[0.6327146126185028, 0.8389558270676691]",
H_primary,rt_nli_fwd,177,24,153,0.13559322033898305,0.7224945533769063,0.39304434157586826,0.0,1.0,0,0.33368949890136723,0.3333333333333333,0.3333333333333333,0.10457516339869281,0.6143790849673202,0.26153846153846155,0.5151515151515151,24,False,"[0.5939472866949984, 0.8343401759530791]",
H_primary,rt_nli_bwd,177,24,153,0.13559322033898305,0.6898148148148149,0.2978773002970938,0.0,1.0,0,0.9551530726253987,0.3333333333333333,0.3333333333333333,0.10457516339869281,0.6143790849673202,0.26153846153846155,0.5151515151515151,24,False,"[0.5628700333636639, 0.8012213093937475]",
H_primary,rt_nli_contra,177,24,153,0.13559322033898305,0.704248366013072,0.349077050239491,0.0,1.0,0,0.026751494035124845,0.30434782608695654,0.2916666666666667,0.10457516339869281,0.5935457516339869,0.23658051689860837,0.4817813765182186,23,False,"[0.5859134593883171, 0.8165584919895263]",
H_primary,rt_nli_min_alt,177,24,153,0.13559322033898305,0.7483660130718953,0.40678728329238384,0.0,1.0,0,0.9949031063355506,0.38461538461538464,0.4166666666666667,0.10457516339869281,0.6560457516339869,0.30685920577617326,0.5704697986577181,26,False,"[0.6242368742368742, 0.8551572712418299]",
H_primary,rt_embed_cos,177,24,153,0.13559322033898305,0.6816448801742919,0.3063759072729961,0.0054466230936819175,1.0,0,0.3201072692871094,0.3333333333333333,0.3333333333333333,0.10457516339869281,0.6143790849673202,0.26153846153846155,0.5151515151515151,24,False,"[0.5685512526581606, 0.7903237657746536]",
H_primary,rt_reformalise_eq,177,24,153,0.13559322033898305,0.5816993464052287,0.1688268527750083,0.6100217864923747,0.9322033898305084,12,0.5,0.23529411764705882,0.3333333333333333,0.16993464052287582,0.5816993464052287,0.17894736842105263,0.39534883720930236,34,False,"[0.4889834531994584, 0.686823070334063]",
H_primary,judge_cheap_orig,177,24,153,0.13559322033898305,0.7532679738562091,0.3716425235855432,0.2696078431372549,0.9887005649717514,2,0.5,0.5263157894736842,0.4166666666666667,0.058823529411764705,0.678921568627451,0.4404145077720208,0.7024793388429752,19,False,"[0.6321168823958631, 0.8570473137973137]",
H_primary,judge_cheap_disg,177,24,153,0.13559322033898305,0.7397875816993464,0.2734887187495976,0.2551742919389978,0.96045197740113,7,0.5,0.3137254901960784,0.6666666666666666,0.22875816993464052,0.718954248366013,0.2446043165467626,0.49275362318840576,51,False,"[0.6317758811019989, 0.8385531763764758]",
H_primary,judge_cheap2_orig,177,24,153,0.13559322033898305,0.7489106753812637,0.37146721364267044,0.0,1.0,0,0.5,0.25,0.5833333333333334,0.27450980392156865,0.6544117647058825,0.1910112359550562,0.4146341463414634,56,False,"[0.6495701754385965, 0.8395812567592487]",
H_primary,judge_cheap2_disg,177,24,153,0.13559322033898305,0.6350762527233116,0.235673366727423,0.0,1.0,0,0.5,0.17721518987341772,0.5833333333333334,0.42483660130718953,0.579248366013072,0.1323692992213571,0.31398416886543534,79,False,"[0.516766563245093, 0.7420566926469626]",
H_primary,judge_strong_orig,74,24,50,0.32432432432432434,0.8779166666666667,0.7928198453294362,0.1275,1.0,0,0.5,0.782608695652174,0.75,0.1,0.825,0.45454545454545453,0.7142857142857143,23,False,"[0.7880696348714924, 0.953970777233782]",
H_primary,judge_strong_disg,74,24,50,0.32432432432432434,0.7983333333333333,0.5938711837391961,0.15666666666666668,1.0,0,0.5,0.6071428571428571,0.7083333333333334,0.22,0.7441666666666668,0.2634841909485431,0.5176613885505481,28,False,"[0.6866626984126984, 0.9000801967247783]",
H_primary,judge_local_qwen8b_orig,177,24,153,0.13559322033898305,0.7741013071895424,0.38976669908873307,0.16802832244008714,1.0,0,0.5,0.5833333333333334,0.2916666666666667,0.032679738562091505,0.6294934640522876,0.497907949790795,0.7484276729559748,12,False,"[0.6548095760233918, 0.8739235252181681]",
H_primary,judge_local_qwen8b_disg,177,24,153,0.13559322033898305,0.7310729847494554,0.2642212614071494,0.12118736383442266,1.0,0,0.5,0.39285714285714285,0.4583333333333333,0.1111111111111111,0.673611111111111,0.31428571428571433,0.5789473684210527,28,False,"[0.6145885677930399, 0.8339282356307743]",
H_primary,judge_local_llama8b_orig,177,24,153,0.13559322033898305,0.6696623093681918,0.3185686224811426,0.0,1.0,0,0.5,0.37142857142857144,0.5416666666666666,0.1437908496732026,0.698937908496732,0.2950600801068091,0.5566750629722922,35,False,"[0.53455238791423, 0.7944665851882671]",
H_primary,judge_local_llama8b_disg,177,24,153,0.13559322033898305,0.6639433551198257,0.3165800029113181,0.0,1.0,0,0.5,0.19230769230769232,0.625,0.4117647058823529,0.6066176470588236,0.14431239388794567,0.3359683794466403,78,False,"[0.5347261434217956, 0.7794140482279869]",
H_primary,judge_local_qwen14b_orig,74,24,50,0.32432432432432434,0.7549999999999999,0.5910879629629628,0.31666666666666665,1.0,0,0.5,0.7,0.2916666666666667,0.06,0.6158333333333333,0.3507014028056113,0.618374558303887,10,False,"[0.646169279661017, 0.8505868381523488]",
H_primary,judge_local_qwen14b_disg,74,24,50,0.32432432432432434,0.6741666666666666,0.4635795945903453,0.12,1.0,0,0.5,0.5517241379310345,0.6666666666666666,0.26,0.7033333333333333,0.22172949002217293,0.46082949308755755,29,False,"[0.5287312226239822, 0.8013348546315077]",
H_primary,rt_nli_min_localverb,177,24,153,0.13559322033898305,0.7009803921568628,0.3348480586744976,0.0,1.0,0,0.9840680196881295,0.30434782608695654,0.2916666666666667,0.10457516339869281,0.5935457516339869,0.23658051689860837,0.4817813765182186,23,False,"[0.5829918546365915, 0.8064353233227405]",
H_primary,rt_reformalise_eq_localverb,177,24,153,0.13559322033898305,0.5330882352941176,0.1444557173549773,0.5089869281045751,0.8022598870056497,35,0.5,0.15492957746478872,0.4583333333333333,0.39215686274509803,0.5330882352941176,0.11493546404425323,0.280359820089955,71,False,"[0.42480352087756545, 0.6433043858315596]",
H_curator_view,parse_fail,199,46,153,0.23115577889447236,0.5,0.23115577889447236,1.0,1.0,0,0.5,,0.0,0.0,0.5,,,0,False,"[0.5, 0.5]",
H_curator_view,pilot_joint_conflict,199,46,153,0.23115577889447236,0.41936629724353514,0.22688027845373795,0.803211139528275,1.0,0,0.5,0.034482758620689655,0.021739130434782608,0.1830065359477124,0.41936629724353514,0.013026819923371648,0.038088125466766244,29,False,"[0.3825454007106198, 0.45708013811585235]",
H_curator_view,pilot_arity_incons,199,46,153,0.23115577889447236,0.5184711565785735,0.2500910348845678,0.9505541346973572,1.0,0,0.0,0.6666666666666666,0.043478260869565216,0.006535947712418301,0.5184711565785735,0.42500000000000004,0.6891891891891891,3,False,"[0.4934210526315789, 0.5531794253834351]",
H_curator_view,pilot_shape_incons,199,46,153,0.23115577889447236,0.39840863881784605,0.2189201436749921,0.3589087809036658,1.0,0,0.0,0.14705882352941177,0.32608695652173914,0.5686274509803921,0.37872975277067356,0.05990133897110641,0.16047828823159221,102,False,"[0.3134470200747105, 0.4832413956056379]",
H_curator_view,pilot_dangling,177,33,144,0.1864406779661017,0.6593013468013468,0.3652283834891171,0.37037037037037035,1.0,0,0.5,0.6666666666666666,0.18181818181818182,0.020833333333333332,0.5804924242424243,0.49230769230769234,0.7441860465116279,9,False,"[0.565676485657502, 0.7564802894244766]",
H_curator_view,pilot_undeclared,0,,,,,,,,,,,,,,,,,,,not applicable / single class
H_curator_view,pilot_rerun_jacc,0,,,,,,,,,,,,,,,,,,,not applicable / single class
H_curator_view,rt_nli_min,199,46,153,0.23115577889447236,0.7715260017050298,0.485134457527557,0.0,1.0,0,0.9774119272828102,0.42857142857142855,0.2608695652173913,0.10457516339869281,0.5781472009093492,0.2170212765957447,0.45400593471810086,28,False,"[0.6963041528697571, 0.8453715174699564]",
H_curator_view,rt_nli_fwd,199,46,153,0.23115577889447236,0.7621483375959079,0.5322781427839115,0.0,1.0,0,0.33368949890136723,0.5897435897435898,0.5,0.10457516339869281,0.6977124183006536,0.34693877551020413,0.6144578313253012,39,False,"[0.6755565392672578, 0.840995940649496]",
H_curator_view,rt_nli_bwd,199,46,153,0.23115577889447236,0.709434498437056,0.4356825268550878,0.0,1.0,0,0.9551530726253987,0.4666666666666667,0.30434782608695654,0.10457516339869281,0.5998863313441318,0.24435318275154008,0.4924137931034483,30,False,"[0.6173075307950728, 0.7906444098174341]",
H_curator_view,rt_nli_contra,199,46,153,0.23115577889447236,0.7178175618073317,0.44558051763051765,0.0,1.0,0,0.026751494035124845,0.38461538461538464,0.21739130434782608,0.10457516339869281,0.5564080704745666,0.18763796909492272,0.40930979133226325,26,False,"[0.6338340340557089, 0.7953961101219011]",
H_curator_view,rt_nli_min_alt,199,46,153,0.23115577889447236,0.7526285876669508,0.520891810165542,0.0,1.0,0,0.9949031063355506,0.5,0.34782608695652173,0.10457516339869281,0.6216254617789144,0.2698412698412699,0.5257731958762887,32,False,"[0.669544043624161, 0.8304872370655437]",
H_curator_view,rt_embed_cos,199,46,153,0.23115577889447236,0.7566069906223359,0.5012396358707248,0.002841716396703609,1.0,0,0.3201072692871094,0.5294117647058824,0.391304347826087,0.10457516339869281,0.643364592213697,0.2936660268714012,0.5550181378476421,34,False,"[0.6778429738400602, 0.8265464806121507]",
H_curator_view,rt_reformalise_eq,199,46,153,0.23115577889447236,0.5889457232168229,0.28325894482765795,0.6004546746234726,0.9246231155778895,15,0.5,0.38095238095238093,0.34782608695652173,0.16993464052287582,0.5889457232168229,0.18528610354223432,0.40556660039761433,42,False,"[0.5171254549970049, 0.6676375333667]",
H_curator_view,judge_cheap_orig,199,46,153,0.23115577889447236,0.8064791133844842,0.5276863112177405,0.21682296106848536,0.9899497487437185,2,0.5,0.7096774193548387,0.4782608695652174,0.058823529411764705,0.7097186700767263,0.4746192893401015,0.7304687500000001,31,False,"[0.7339930239611768, 0.8719905728573164]",
H_curator_view,judge_cheap_disg,199,46,153,0.23115577889447236,0.7820403523728332,0.45002753597378004,0.2273373117362887,0.9597989949748744,8,0.5,0.5,0.7608695652173914,0.22875816993464052,0.7660556976413754,0.2698412698412699,0.5257731958762887,70,False,"[0.7077058308087925, 0.8488573249537509]",
H_curator_view,judge_cheap2_orig,199,46,153,0.23115577889447236,0.7899971582836033,0.5540904149943929,0.0,1.0,0,0.5,0.4246575342465753,0.6739130434782609,0.27450980392156865,0.6997016197783461,0.21431476209841394,0.45004269854824935,73,False,"[0.717451823691727, 0.8579885256549037]",
H_curator_view,judge_cheap2_disg,199,46,153,0.23115577889447236,0.6882637112816141,0.3805762782463255,0.0,1.0,0,0.5,0.3434343434343434,0.7391304347826086,0.42483660130718953,0.6571469167377095,0.1619955156950673,0.36706181202370874,99,False,"[0.6083188297001816, 0.7689383212671435]",
H_curator_view,judge_strong_orig,96,46,50,0.4791666666666667,0.9154347826086957,0.895238998025904,0.08826086956521739,1.0,0,0.5,0.8809523809523809,0.8043478260869565,0.1,0.8521739130434782,0.47193877551020413,0.7283464566929133,42,False,"[0.8609729586426299, 0.9631199091478696]",
H_curator_view,judge_strong_disg,96,46,50,0.4791666666666667,0.8456521739130435,0.7730330178764968,0.14,1.0,0,0.5,0.7755102040816326,0.8260869565217391,0.22,0.8030434782608696,0.2943910753021382,0.5558806319485079,49,False,"[0.7656123382317368, 0.9200365008395925]",
H_curator_view,judge_local_qwen8b_orig,199,46,153,0.23115577889447236,0.8164961636828645,0.5656702371844797,0.12915601023017903,1.0,0,0.5,0.7222222222222222,0.2826086956521739,0.032679738562091505,0.6249644785450411,0.4900221729490022,0.7424412094064948,18,False,"[0.7379606548900427, 0.888022130763037]",
H_curator_view,judge_local_qwen8b_disg,199,46,153,0.23115577889447236,0.7546177891446433,0.409131537383653,0.09406081273088945,1.0,0,0.5,0.5405405405405406,0.43478260869565216,0.1111111111111111,0.6618357487922705,0.30303030303030304,0.5660377358490566,37,False,"[0.6730754064449026, 0.8291734307359307]",
H_curator_view,judge_local_llama8b_orig,199,46,153,0.23115577889447236,0.7360045467462348,0.5074694247790235,0.0,1.0,0,0.5,0.5416666666666666,0.5652173913043478,0.1437908496732026,0.7107132708155726,0.30398899587345257,0.5671514114627887,48,False,"[0.6454804161453778, 0.8242961318743253]",
H_curator_view,judge_local_llama8b_disg,199,46,153,0.23115577889447236,0.7087240693378801,0.4707847575317655,0.0,1.0,0,0.5,0.3368421052631579,0.6956521739130435,0.4117647058823529,0.6419437340153453,0.15804764671702498,0.36026490066225164,95,False,"[0.6210787610814625, 0.7929789272030651]",
H_curator_view,judge_local_qwen14b_orig,96,46,50,0.4791666666666667,0.7919565217391304,0.7421219077452349,0.26304347826086955,1.0,0,0.5,0.85,0.3695652173913043,0.06,0.6547826086956521,0.4063097514340344,0.6724683544303797,20,False,"[0.7076268625757289, 0.864631333943834]",
H_curator_view,judge_local_qwen14b_disg,96,46,50,0.4791666666666667,0.7265217391304347,0.6528660394038716,0.11043478260869566,1.0,0,0.5,0.717391304347826,0.717391304347826,0.26,0.7286956521739131,0.23464163822525597,0.47909407665505227,46,False,"[0.6162531325180433, 0.8233142226528855]",
H_curator_view,rt_nli_min_localverb,199,46,153,0.23115577889447236,0.734725774367718,0.4601402713320049,0.0,1.0,0,0.9840680196881295,0.42857142857142855,0.2608695652173913,0.10457516339869281,0.5781472009093492,0.2170212765957447,0.45400593471810086,28,False,"[0.6521730132450332, 0.8131699448625243]",
H_curator_view,rt_reformalise_eq_localverb,199,46,153,0.23115577889447236,0.5430520034100597,0.24891690690994742,0.5046888320545609,0.8241206030150754,35,0.5,0.2682926829268293,0.4782608695652174,0.39215686274509803,0.5430520034100597,0.11933631142310147,0.2890262751159196,82,False,"[0.46088304570216154, 0.6261042201648872]",
H_dev_slice,parse_fail,60,11,49,0.18333333333333332,0.5,0.18333333333333332,1.0,1.0,0,0.5,,0.0,0.0,0.5,,,0,False,"[0.5, 0.5]",
H_dev_slice,pilot_joint_conflict,60,11,49,0.18333333333333332,0.5,0.18333333333333332,1.0,1.0,0,0.5,,0.0,0.0,0.5,,,0,False,"[0.5, 0.5]",
H_dev_slice,pilot_arity_incons,60,11,49,0.18333333333333332,0.5,0.18333333333333332,1.0,1.0,0,0.0,,0.0,0.0,0.5,,,0,False,"[0.5, 0.5]",
H_dev_slice,pilot_shape_incons,60,11,49,0.18333333333333332,0.5,0.18333333333333332,1.0,1.0,0,0.0,,0.0,0.0,0.5,,,0,False,"[0.5, 0.5]",
H_dev_slice,pilot_dangling,0,,,,,,,,,,,,,,,,,,,not applicable / single class
H_dev_slice,pilot_undeclared,0,,,,,,,,,,,,,,,,,,,not applicable / single class
H_dev_slice,pilot_rerun_jacc,0,,,,,,,,,,,,,,,,,,,not applicable / single class
H_dev_slice,rt_nli_min,60,11,49,0.18333333333333332,0.5269016697588127,0.22941959464772071,0.0,1.0,0,0.9774119272828102,0.0,0.0,0.04081632653061224,0.47959183673469385,0.0,0.0,2,False,"[0.3240303634751773, 0.7402717652717652]",
H_dev_slice,rt_nli_fwd,60,11,49,0.18333333333333332,0.549165120593692,0.26073158556351833,0.0,1.0,0,0.33368949890136723,0.1935483870967742,0.5454545454545454,0.5102040816326531,0.5176252319109462,0.10617551462621885,0.2627345844504021,31,False,"[0.337625102124183, 0.7699679700353553]",
H_dev_slice,rt_nli_bwd,60,11,49,0.18333333333333332,0.640074211502783,0.3269906356196555,0.0,1.0,0,0.9551530726253987,0.0,0.0,0.02040816326530612,0.4897959183673469,0.0,0.0,1,False,"[0.4399809027777778, 0.8249283960720127]",
H_dev_slice,rt_nli_contra,60,11,49,0.18333333333333332,0.5380333951762524,0.22309767035472367,0.0,1.0,0,0.026751494035124845,0.0,0.0,0.061224489795918366,0.46938775510204084,0.0,0.0,3,False,"[0.3493887450992404, 0.7284313725490195]",
H_dev_slice,rt_nli_min_alt,60,11,49,0.18333333333333332,0.5157699443413729,0.2644648381205441,0.0,1.0,0,0.9949031063355506,0.6666666666666666,0.18181818181818182,0.02040816326530612,0.5807050092764379,0.49746192893401014,0.748091603053435,3,False,"[0.32242908496732026, 0.7189599148838279]",
H_dev_slice,rt_embed_cos,60,11,49,0.18333333333333332,0.6307977736549165,0.37423291601383535,0.0,1.0,0,0.3201072692871094,0.2,0.18181818181818182,0.16326530612244897,0.5092764378478665,0.11011235955056183,0.2707182320441989,10,False,"[0.46798831168831173, 0.7932113603988603]",
H_dev_slice,rt_reformalise_eq,60,11,49,0.18333333333333332,0.5705009276437848,0.24090909090909088,0.7922077922077922,1.0,0,0.5,0.5,0.18181818181818182,0.04081632653061224,0.5705009276437848,0.33108108108108114,0.5975609756097562,4,False,"[0.46938775510204084, 0.7]",
H_dev_slice,judge_cheap_orig,60,11,49,0.18333333333333332,0.7829313543599259,0.4590909090909091,0.2077922077922078,0.9666666666666667,2,0.5,0.75,0.5454545454545454,0.04081632653061224,0.7523191094619666,0.5975609756097562,0.8166666666666667,8,False,"[0.6110110893962651, 0.9350883116883115]",
H_dev_slice,judge_cheap_disg,60,11,49,0.18333333333333332,0.5445269016697588,0.23218549127640037,0.2541743970315399,0.95,3,0.5,0.2727272727272727,0.5454545454545454,0.32653061224489793,0.6094619666048238,0.15654952076677317,0.35766423357664234,22,False,"[0.3219837690631808, 0.765625]",
H_dev_slice,judge_cheap2_orig,60,11,49,0.18333333333333332,0.7662337662337663,0.5913365537590425,0.0018552875695732839,1.0,0,0.5,0.3,0.8181818181818182,0.42857142857142855,0.6948051948051949,0.17500000000000004,0.3888888888888889,30,False,"[0.5532679738562092, 0.9399562499999997]",
H_dev_slice,judge_cheap2_disg,60,11,49,0.18333333333333332,0.6883116883116882,0.33443440617353665,0.0,1.0,0,0.5,0.3333333333333333,0.7272727272727273,0.32653061224489793,0.7003710575139147,0.19838056680161947,0.42608695652173917,24,False,"[0.4824771589596388, 0.8628472222222222]",
H_dev_slice,judge_strong_orig,0,,,,,,,,,,,,,,,,,,,not applicable / single class
H_dev_slice,judge_strong_disg,0,,,,,,,,,,,,,,,,,,,not applicable / single class
H_dev_slice,judge_local_qwen8b_orig,60,11,49,0.18333333333333332,0.8181818181818181,0.6357354860460451,0.15584415584415584,1.0,0,0.5,1.0,0.36363636363636365,0.0,0.6818181818181819,1.0,1.0,4,False,"[0.6522692305433704, 0.9517625231910947]",
H_dev_slice,judge_local_qwen8b_disg,60,11,49,0.18333333333333332,0.7430426716141003,0.5600860178782257,0.13172541743970315,1.0,0,0.5,0.75,0.2727272727272727,0.02040816326530612,0.6261595547309833,0.5975609756097562,0.8166666666666667,4,False,"[0.5061548821548821, 0.9352053700267985]",
H_dev_slice,judge_local_llama8b_orig,60,11,49,0.18333333333333332,0.6679035250463822,0.5256152522326851,0.0,1.0,0,0.5,0.29411764705882354,0.45454545454545453,0.24489795918367346,0.6048237476808905,0.17096999302163296,0.38221528861154447,17,False,"[0.42697354983660135, 0.8794118910190338]",
H_dev_slice,judge_local_llama8b_disg,60,11,49,0.18333333333333332,0.6307977736549165,0.3058202197515729,0.0,1.0,0,0.5,0.2647058823529412,0.8181818181818182,0.5102040816326531,0.6539888682745827,0.15123456790123457,0.34834123222748814,34,False,"[0.429189360929557, 0.8163729128014839]",
H_dev_slice,judge_local_qwen14b_orig,0,,,,,,,,,,,,,,,,,,,not applicable / single class
H_dev_slice,judge_local_qwen14b_disg,0,,,,,,,,,,,,,,,,,,,not applicable / single class
H_dev_slice,rt_nli_min_localverb,60,11,49,0.18333333333333332,0.437847866419295,0.17356788560151598,0.0,1.0,0,0.9840680196881295,0.0,0.0,0.061224489795918366,0.46938775510204084,0.0,0.0,3,False,"[0.26598636363636363, 0.6180725762527233]",
H_dev_slice,rt_reformalise_eq_localverb,60,11,49,0.18333333333333332,0.6057513914656771,0.26969696969696966,0.699443413729128,1.0,0,0.5,0.5,0.2727272727272727,0.061224489795918366,0.6057513914656771,0.33108108108108103,0.5975609756097561,6,False,"[0.46938775510204084, 0.7574123989218329]",
L_strong_subset,parse_fail,200,68,132,0.34,0.5,0.34,1.0,1.0,0,0.5,,0.0,0.0,0.5,,,0,True,"[0.5, 0.5]",
L_strong_subset,pilot_joint_conflict,200,68,132,0.34,0.4955436720142603,0.33823529411764713,0.9075311942959001,1.0,0,0.5,0.3,0.04411764705882353,0.05303030303030303,0.4955436720142603,0.08461538461538463,0.21710526315789475,10,True,"[0.46609239090372995, 0.5278312692366461]",
L_strong_subset,pilot_arity_incons,200,68,132,0.34,0.5,0.34,1.0,1.0,0,0.0,,0.0,0.0,0.5,,,0,True,"[0.5, 0.5]",
L_strong_subset,pilot_shape_incons,200,68,132,0.34,0.5118092691622104,0.36953863898500583,0.4166666666666667,1.0,0,0.0,0.3333333333333333,0.5,0.5151515151515151,0.49242424242424243,0.09734513274336283,0.24444444444444444,102,True,"[0.4251956867821985, 0.6007598162071844]",
L_strong_subset,pilot_dangling,200,68,132,0.34,0.5262923351158645,0.3726149673492959,0.285873440285205,1.0,0,0.5,0.3793103448275862,0.16176470588235295,0.13636363636363635,0.5127005347593583,0.11645813282001925,0.2833723653395785,29,True,"[0.4372271415453234, 0.6132483811949084]",
L_strong_subset,pilot_undeclared,200,68,132,0.34,0.5184380570409983,0.3691176470588236,0.9486408199643493,1.0,0,0.0,0.75,0.04411764705882353,0.007575757575757576,0.518270944741533,0.3928571428571429,0.66,4,True,"[0.496, 0.5454607712068784]",
L_strong_subset,pilot_rerun_jacc,189,63,126,0.3333333333333333,0.7158604182413706,0.5723763317893825,0.10695389266817838,1.0,0,0.5,0.6341463414634146,0.4126984126984127,0.11904761904761904,0.6468253968253967,0.27807486631016043,0.5360824742268041,41,True,"[0.6211575333993072, 0.8099659293898703]",
L_strong_subset,rt_nli_min,200,68,132,0.34,0.6381461675579322,0.5299352565362512,0.0,1.0,0,0.9774119272828102,0.5116279069767442,0.3235294117647059,0.1590909090909091,0.5822192513368983,0.1843107387661843,0.40400667779632726,43,True,"[0.5483037892149003, 0.7305993870331425]",
L_strong_subset,rt_nli_fwd,200,68,132,0.34,0.6354723707664883,0.5405590642330277,0.0,1.0,0,0.33368949890136723,0.5319148936170213,0.36764705882352944,0.16666666666666666,0.6004901960784313,0.1968503937007874,0.42372881355932207,47,True,"[0.5457902753976909, 0.7259501297242728]",
L_strong_subset,rt_nli_bwd,200,68,132,0.34,0.6119652406417112,0.4918159914193231,0.0,1.0,0,0.9551530726253987,0.5306122448979592,0.38235294117647056,0.17424242424242425,0.6040552584670231,0.19602467443454422,0.4224519940915805,49,True,"[0.5247173992673992, 0.7015500358872928]",
L_strong_subset,rt_nli_contra,200,68,132,0.34,0.6151960784313726,0.5127049647546125,0.0,1.0,0,0.026751494035124845,0.5161290322580645,0.23529411764705882,0.11363636363636363,0.5608288770053477,0.18703506907545164,0.4083526682134571,31,True,"[0.5177399455383326, 0.7096876567122017]",
L_strong_subset,rt_nli_min_alt,200,68,132,0.34,0.6051693404634582,0.49397655289237846,0.0,1.0,0,0.9949031063355506,0.4461538461538462,0.4264705882352941,0.2727272727272727,0.5768716577540107,0.1480278422273782,0.3426423200859291,65,True,"[0.5168249643242604, 0.6939536807023864]",
L_strong_subset,rt_embed_cos,200,68,132,0.34,0.6010472370766489,0.46237705316775246,0.0015597147950089127,1.0,0,0.3201072692871094,0.4418604651162791,0.27941176470588236,0.18181818181818182,0.5487967914438502,0.14584787159804605,0.3387358184764992,43,True,"[0.5104926286319684, 0.689942620671673]",
L_strong_subset,rt_reformalise_eq,200,68,132,0.34,0.5349821746880571,0.3606997971602434,0.733957219251337,0.97,6,0.5,0.4482758620689655,0.19117647058823528,0.12121212121212122,0.534982174688057,0.14911366006256516,0.344578313253012,29,True,"[0.47697297741304484, 0.593214347025708]",
L_strong_subset,judge_cheap_orig,200,68,132,0.34,0.7249888591800357,0.5681198761830463,0.3878119429590018,0.99,2,0.5,0.8181818181818182,0.2647058823529412,0.030303030303030304,0.6172014260249554,0.49253731343283585,0.7443609022556391,22,True,"[0.6378527821708123, 0.803323588862561]",
L_strong_subset,judge_cheap_disg,200,68,132,0.34,0.7252673796791443,0.5027901154559797,0.2700534759358289,0.985,3,0.5,0.5769230769230769,0.4411764705882353,0.16666666666666666,0.6372549019607843,0.2272727272727273,0.46875,52,True,"[0.6484814715669004, 0.8077219571522939]",
L_strong_subset,judge_cheap2_orig,200,68,132,0.34,0.6902852049910874,0.5805840451941905,0.000445632798573975,1.0,0,0.5,0.5238095238095238,0.4852941176470588,0.22727272727272727,0.6290106951871658,0.19175911251980984,0.41580756013745707,63,True,"[0.5834403820816865, 0.7837974447470839]",
L_strong_subset,judge_cheap2_disg,200,68,132,0.34,0.6362522281639929,0.4737821194090008,0.00011140819964349375,1.0,0,0.5,0.4166666666666667,0.4411764705882353,0.3181818181818182,0.5614973262032086,0.13349514563106796,0.3160919540229885,72,True,"[0.5315227858429672, 0.7303244417489982]",
L_strong_subset,judge_strong_orig,200,68,132,0.34,0.8016934046345812,0.6876503061648258,0.15975935828877005,1.0,0,0.5,0.6515151515151515,0.6323529411764706,0.17424242424242425,0.7290552584670231,0.287363304981774,0.5474537037037037,66,True,"[0.7154381440297096, 0.8785072388337406]",
L_strong_subset,judge_strong_disg,200,68,132,0.34,0.7302250445632799,0.5054561720270249,0.22248217468805703,1.0,0,0.5,0.4782608695652174,0.8088235294117647,0.45454545454545453,0.6771390374331551,0.16507503410641203,0.37230769230769234,115,True,"[0.651154653747464, 0.8030648235501228]",
L_strong_subset,judge_local_qwen8b_orig,200,68,132,0.34,0.7251002673796791,0.5661387527096681,0.2935606060606061,1.0,0,0.5,0.7619047619047619,0.23529411764705882,0.03787878787878788,0.5987076648841355,0.40835266821345706,0.6743295019157088,21,True,"[0.640340476881576, 0.8098549214612419]",
L_strong_subset,judge_local_qwen8b_disg,200,68,132,0.34,0.7286653297682709,0.5260356324968264,0.1714572192513369,1.0,0,0.5,0.5555555555555556,0.29411764705882354,0.12121212121212122,0.5864527629233511,0.21235521235521235,0.4471544715447155,36,True,"[0.649782047362747, 0.8060171122455112]",
L_strong_subset,judge_local_llama8b_orig,200,68,132,0.34,0.6364750445632799,0.48983184692684817,0.0,1.0,0,0.5,0.5142857142857142,0.2647058823529412,0.12878787878787878,0.5679590017825311,0.18591549295774648,0.406570841889117,35,True,"[0.5319968839336764, 0.7344601537586908]",
L_strong_subset,judge_local_llama8b_disg,200,68,132,0.34,0.6067290552584671,0.4464951757986592,0.0,1.0,0,0.5,0.4626865671641791,0.45588235294117646,0.2727272727272727,0.5915775401069518,0.15663757464400554,0.35781741867785943,67,True,"[0.503368911399544, 0.7052443278447741]",
L_strong_subset,judge_local_qwen14b_orig,200,68,132,0.34,0.7526180926916219,0.6231737782584226,0.2895499108734403,1.0,0,0.5,0.9444444444444444,0.25,0.007575757575757576,0.6212121212121212,0.7857142857142857,0.9166666666666667,18,True,"[0.6700633873023268, 0.8335060316247473]",
L_strong_subset,judge_local_qwen14b_disg,200,68,132,0.34,0.7599153297682709,0.517940063375589,0.11920677361853832,1.0,0,0.5,0.6071428571428571,0.5,0.16666666666666666,0.6666666666666666,0.25,0.5,56,True,"[0.6819288751786399, 0.8360277827784142]",
L_strong_subset,rt_nli_min_localverb,200,68,132,0.34,0.6854946524064172,0.572108225290306,0.0,1.0,0,0.9840680196881295,0.6571428571428571,0.3382352941176471,0.09090909090909091,0.6236631016042782,0.292485549132948,0.5536105032822758,35,True,"[0.5938080465355847, 0.7687572954009791]",
L_strong_subset,rt_reformalise_eq_localverb,200,68,132,0.34,0.49844028520499106,0.3393040596520298,0.5423351158645277,0.79,42,0.5,0.3380281690140845,0.35294117647058826,0.3560606060606061,0.4984402852049911,0.09921082299887261,0.24835371589840072,71,True,"[0.4176896993043935, 0.5777690407343901]",
H_strong_subset,parse_fail,96,46,50,0.4791666666666667,0.5,0.4791666666666667,1.0,1.0,0,0.5,,0.0,0.0,0.5,,,0,False,"[0.5, 0.5]",
H_strong_subset,pilot_joint_conflict,96,46,50,0.4791666666666667,0.40086956521739137,0.47056159420289856,0.7678260869565218,1.0,0,0.5,0.08333333333333333,0.021739130434782608,0.22,0.40086956521739137,0.010860121633362294,0.03188775510204082,12,False,"[0.3392825924075924, 0.46348212595244803]",
H_strong_subset,pilot_arity_incons,96,46,50,0.4791666666666667,0.5117391304347826,0.4873188405797102,0.9382608695652174,1.0,0,0.0,0.6666666666666666,0.043478260869565216,0.02,0.5117391304347826,0.19455252918287938,0.42016806722689076,3,False,"[0.4791666666666667, 0.5490196078431373]",
H_strong_subset,pilot_shape_incons,96,46,50,0.4791666666666667,0.39021739130434785,0.4491636081309994,0.3508695652173913,1.0,0,0.0,0.3409090909090909,0.32608695652173914,0.58,0.37304347826086964,0.058795860771401684,0.15782828282828285,44,False,"[0.2884986973512809, 0.5004397007029762]",
H_strong_subset,pilot_dangling,83,33,50,0.39759036144578314,0.6454545454545454,0.5646069612274609,0.35878787878787877,1.0,0,0.5,1.0,0.18181818181818182,0.0,0.5909090909090909,1.0,1.0,6,False,"[0.5299276147959184, 0.7535370520579855]",
H_strong_subset,pilot_undeclared,0,,,,,,,,,,,,,,,,,,,not applicable / single class
H_strong_subset,pilot_rerun_jacc,0,,,,,,,,,,,,,,,,,,,not applicable / single class
H_strong_subset,rt_nli_min,96,46,50,0.4791666666666667,0.7930434782608695,0.7526636933097931,0.0,1.0,0,0.9774119272828102,0.7058823529411765,0.2608695652173913,0.1,0.5804347826086956,0.2247191011235955,0.4651162790697673,17,False,"[0.6989653103290299, 0.8771236666729596]",
H_strong_subset,rt_nli_fwd,96,46,50,0.4791666666666667,0.7973913043478261,0.8010153149998984,0.0,1.0,0,0.33368949890136723,0.8846153846153846,0.5,0.06,0.72,0.4807692307692307,0.7352941176470589,26,False,"[0.7032302365390601, 0.8802092438811189]",
H_strong_subset,rt_nli_bwd,96,46,50,0.4791666666666667,0.7182608695652174,0.6922814168116713,0.0,1.0,0,0.9551530726253987,0.7368421052631579,0.30434782608695654,0.1,0.6021739130434782,0.2527075812274368,0.5035971223021583,19,False,"[0.6125459595232435, 0.815115017361111]",
H_strong_subset,rt_nli_contra,96,46,50,0.4791666666666667,0.7456521739130435,0.7329347273000546,0.0,1.0,0,0.026751494035124845,0.7692307692307693,0.21739130434782608,0.06,0.578695652173913,0.2870264064293915,0.5470459518599562,13,False,"[0.650424455813778, 0.8366064518933959]",
H_strong_subset,rt_nli_min_alt,96,46,50,0.4791666666666667,0.7539130434782608,0.7264587193953982,0.0,1.0,0,0.9949031063355506,0.7272727272727273,0.34782608695652173,0.12,0.6139130434782609,0.24360535931790497,0.4914004914004914,22,False,"[0.6520349059268484, 0.8494998379635604]",
H_strong_subset,rt_embed_cos,96,46,50,0.4791666666666667,0.7536956521739131,0.7399658427423559,0.002173913043478261,1.0,0,0.3201072692871094,0.75,0.391304347826087,0.12,0.6356521739130434,0.26595744680851063,0.5208333333333334,24,False,"[0.6523117642447049, 0.8431400219662333]",
H_strong_subset,rt_reformalise_eq,96,46,50,0.4791666666666667,0.5939130434782609,0.5443840579710144,0.6034782608695652,0.9270833333333334,7,0.5,0.6666666666666666,0.34782608695652173,0.16,0.5939130434782609,0.19455252918287938,0.42016806722689076,24,False,"[0.5113636363636364, 0.6808375286041191]",
H_strong_subset,judge_cheap_orig,96,46,50,0.4791666666666667,0.8002173913043479,0.7310154462242563,0.21956521739130436,0.9791666666666666,2,0.5,0.88,0.4782608695652174,0.06,0.7091304347826086,0.4696840307429548,0.726552179656539,25,False,"[0.7139124396135266, 0.8811567772100646]",
H_strong_subset,judge_cheap_disg,96,46,50,0.4791666666666667,0.767391304347826,0.6911698305594208,0.23478260869565218,0.96875,3,0.5,0.7291666666666666,0.7608695652173914,0.26,0.7504347826086957,0.24537296690970278,0.4937923250564334,48,False,"[0.6721737336932924, 0.8541353965424526]",
H_strong_subset,judge_cheap2_orig,96,46,50,0.4791666666666667,0.7917391304347826,0.7660788434115688,0.0,1.0,0,0.5,0.7209302325581395,0.6739130434782609,0.24,0.7169565217391304,0.23780300705737953,0.4834684965689332,43,False,"[0.6980050867353593, 0.8785014822134387]",
H_strong_subset,judge_cheap2_disg,96,46,50,0.4791666666666667,0.7295652173913043,0.7231229902533582,0.0,1.0,0,0.5,0.6296296296296297,0.7391304347826086,0.4,0.6695652173913043,0.17034068136272543,0.38116591928251115,54,False,"[0.6267804222752931, 0.8271187761465719]",
H_strong_subset,judge_strong_orig,96,46,50,0.4791666666666667,0.9154347826086957,0.895238998025904,0.08826086956521739,1.0,0,0.5,0.8809523809523809,0.8043478260869565,0.1,0.8521739130434782,0.47193877551020413,0.7283464566929133,42,False,"[0.8539003459318795, 0.9640648394963702]",
H_strong_subset,judge_strong_disg,96,46,50,0.4791666666666667,0.8456521739130435,0.7730330178764968,0.14,1.0,0,0.5,0.7755102040816326,0.8260869565217391,0.22,0.8030434782608696,0.2943910753021382,0.5558806319485079,49,False,"[0.7643219866071428, 0.9181692320046345]",
H_strong_subset,judge_local_qwen8b_orig,96,46,50,0.4791666666666667,0.8523913043478261,0.8218731148475115,0.1334782608695652,1.0,0,0.5,0.9285714285714286,0.2826086956521739,0.02,0.6313043478260869,0.6109022556390977,0.8248730964467005,14,False,"[0.771644278119384, 0.9242332373173938]",
H_strong_subset,judge_local_qwen8b_disg,96,46,50,0.4791666666666667,0.771304347826087,0.7139443109658538,0.09043478260869565,1.0,0,0.5,0.8333333333333334,0.43478260869565216,0.08,0.677391304347826,0.3765060240963855,0.6443298969072165,24,False,"[0.6727150918252613, 0.8690745518065381]",
H_strong_subset,judge_local_llama8b_orig,96,46,50,0.4791666666666667,0.7617391304347826,0.7840325696240706,0.0,1.0,0,0.5,0.8666666666666667,0.5652173913043478,0.08,0.7426086956521738,0.43978349120433013,0.7019438444924406,30,False,"[0.6599647381307218, 0.8554860623997937]",
H_strong_subset,judge_local_llama8b_disg,96,46,50,0.4791666666666667,0.7039130434782609,0.6890260522190735,0.0,1.0,0,0.5,0.5925925925925926,0.6956521739130435,0.44,0.6278260869565218,0.14942099364960776,0.3451251078515962,54,False,"[0.5985824592074592, 0.8061029230613161]",
H_strong_subset,judge_local_qwen14b_orig,96,46,50,0.4791666666666667,0.7919565217391304,0.7421219077452349,0.26304347826086955,1.0,0,0.5,0.85,0.3695652173913043,0.06,0.6547826086956521,0.4063097514340344,0.6724683544303797,20,False,"[0.7088213436160773, 0.8654351977657004]",
H_strong_subset,judge_local_qwen14b_disg,96,46,50,0.4791666666666667,0.7265217391304347,0.6528660394038716,0.11043478260869566,1.0,0,0.5,0.717391304347826,0.717391304347826,0.26,0.7286956521739131,0.23464163822525597,0.47909407665505227,46,False,"[0.6262935922772879, 0.8266897256494037]",
H_strong_subset,rt_nli_min_localverb,96,46,50,0.4791666666666667,0.7699999999999999,0.7413448147852811,0.0,1.0,0,0.9840680196881295,0.75,0.2608695652173913,0.08,0.5904347826086956,0.26595744680851063,0.5208333333333333,16,False,"[0.6643502370279566, 0.8598437499999999]",
H_strong_subset,rt_reformalise_eq_localverb,96,46,50,0.4791666666666667,0.5391304347826087,0.5005175983436854,0.5043478260869565,0.8020833333333334,19,0.5,0.5238095238095238,0.4782608695652174,0.4,0.5391304347826087,0.11727078891257994,0.2849740932642487,42,False,"[0.43477674118406384, 0.6362443102909204]",
