set,dim,bin,metric,n,n_pos,n_neg,testable,auroc,fa
L_primary,words_bin,12-19,judge_cheap_orig,36,18,18,False,0.5925925925925926,0.0
L_primary,words_bin,12-19,judge_cheap_disg,36,18,18,False,0.6666666666666666,0.2777777777777778
L_primary,words_bin,12-19,judge_cheap2_disg,36,18,18,False,0.5648148148148149,0.3888888888888889
L_primary,words_bin,12-19,rt_nli_min,36,18,18,False,0.6697530864197531,0.16666666666666666
L_primary,words_bin,12-19,rt_embed_cos,36,18,18,False,0.6172839506172839,0.3333333333333333
L_primary,words_bin,12-19,rt_reformalise_eq,36,18,18,False,0.5,0.1111111111111111
L_primary,words_bin,12-19,pilot_joint_conflict,36,18,18,False,0.5277777777777778,0.0
L_primary,words_bin,12-19,parse_fail,36,18,18,False,0.5,0.0
L_primary,words_bin,<12,judge_cheap_orig,485,210,275,True,0.759125541125541,0.03636363636363636
L_primary,words_bin,<12,judge_cheap_disg,485,210,275,True,0.7838095238095237,0.11636363636363636
L_primary,words_bin,<12,judge_cheap2_disg,485,210,275,True,0.7324848484848485,0.23636363636363636
L_primary,words_bin,<12,rt_nli_min,485,210,275,True,0.7125194805194806,0.14181818181818182
L_primary,words_bin,<12,rt_embed_cos,485,210,275,True,0.6348225108225107,0.1781818181818182
L_primary,words_bin,<12,rt_reformalise_eq,485,210,275,True,0.5149350649350649,0.12727272727272726
L_primary,words_bin,<12,pilot_joint_conflict,485,210,275,True,0.5126406926406926,0.05090909090909091
L_primary,words_bin,<12,parse_fail,485,210,275,True,0.5,0.0
L_primary,words_bin,>=20,judge_cheap_orig,3,2,1,False,1.0,0.0
L_primary,words_bin,>=20,judge_cheap_disg,3,2,1,False,0.0,1.0
L_primary,words_bin,>=20,judge_cheap2_disg,3,2,1,False,0.0,1.0
L_primary,words_bin,>=20,rt_nli_min,3,2,1,False,1.0,0.0
L_primary,words_bin,>=20,rt_embed_cos,3,2,1,False,1.0,0.0
L_primary,words_bin,>=20,rt_reformalise_eq,3,2,1,False,0.5,0.0
L_primary,words_bin,>=20,pilot_joint_conflict,3,2,1,False,0.5,0.0
L_primary,words_bin,>=20,parse_fail,3,2,1,False,0.5,0.0
L_primary,n_quant_bin,0-1,judge_cheap_orig,512,226,286,True,0.7490330465994184,0.03496503496503497
L_primary,n_quant_bin,0-1,judge_cheap_disg,512,226,286,True,0.7840212884460671,0.12937062937062938
L_primary,n_quant_bin,0-1,judge_cheap2_disg,512,226,286,True,0.7223373971161582,0.24475524475524477
L_primary,n_quant_bin,0-1,rt_nli_min,512,226,286,True,0.7124357942942015,0.13986013986013987
L_primary,n_quant_bin,0-1,rt_embed_cos,512,226,286,True,0.6374002104090599,0.17832167832167833
L_primary,n_quant_bin,0-1,rt_reformalise_eq,512,226,286,True,0.5157806794974936,0.11888111888111888
L_primary,n_quant_bin,0-1,pilot_joint_conflict,512,226,286,True,0.5131350949935021,0.04895104895104895
L_primary,n_quant_bin,0-1,parse_fail,512,226,286,True,0.5,0.0
L_primary,n_quant_bin,2,judge_cheap_orig,11,4,7,False,0.7142857142857143,0.0
L_primary,n_quant_bin,2,judge_cheap_disg,11,4,7,False,0.4285714285714286,0.0
L_primary,n_quant_bin,2,judge_cheap2_disg,11,4,7,False,0.4642857142857143,0.2857142857142857
L_primary,n_quant_bin,2,rt_nli_min,11,4,7,False,0.5714285714285714,0.2857142857142857
L_primary,n_quant_bin,2,rt_embed_cos,11,4,7,False,0.4642857142857143,0.5714285714285714
L_primary,n_quant_bin,2,rt_reformalise_eq,11,4,7,False,0.41071428571428564,0.42857142857142855
L_primary,n_quant_bin,2,pilot_joint_conflict,11,4,7,False,0.5,0.0
L_primary,n_quant_bin,2,parse_fail,11,4,7,False,0.5,0.0
L_primary,n_quant_bin,>=3,judge_cheap_orig,1,0,1,False,,0.0
L_primary,n_quant_bin,>=3,judge_cheap_disg,1,0,1,False,,1.0
L_primary,n_quant_bin,>=3,judge_cheap2_disg,1,0,1,False,,1.0
L_primary,n_quant_bin,>=3,rt_nli_min,1,0,1,False,,0.0
L_primary,n_quant_bin,>=3,rt_embed_cos,1,0,1,False,,0.0
L_primary,n_quant_bin,>=3,rt_reformalise_eq,1,0,1,False,,0.0
L_primary,n_quant_bin,>=3,pilot_joint_conflict,1,0,1,False,,0.0
L_primary,n_quant_bin,>=3,parse_fail,1,0,1,False,,0.0
L_primary,depth_bin,4-5,judge_cheap_orig,54,30,24,False,0.6131944444444444,0.125
L_primary,depth_bin,4-5,judge_cheap_disg,54,30,24,False,0.7618055555555555,0.125
L_primary,depth_bin,4-5,judge_cheap2_disg,54,30,24,False,0.6458333333333334,0.041666666666666664
L_primary,depth_bin,4-5,rt_nli_min,54,30,24,False,0.827777777777778,0.041666666666666664
L_primary,depth_bin,4-5,rt_embed_cos,54,30,24,False,0.6083333333333333,0.5
L_primary,depth_bin,4-5,rt_reformalise_eq,54,30,24,False,0.5125,0.041666666666666664
L_primary,depth_bin,4-5,pilot_joint_conflict,54,30,24,False,0.5041666666666667,0.125
L_primary,depth_bin,4-5,parse_fail,54,30,24,False,0.5,0.0
L_primary,depth_bin,<=3,judge_cheap_orig,466,199,267,True,0.7638661472154781,0.026217228464419477
L_primary,depth_bin,<=3,judge_cheap_disg,466,199,267,True,0.7812658799616057,0.12734082397003746
L_primary,depth_bin,<=3,judge_cheap2_disg,466,199,267,True,0.7501929121261739,0.25842696629213485
L_primary,depth_bin,<=3,rt_nli_min,466,199,267,True,0.7017296218922326,0.14606741573033707
L_primary,depth_bin,<=3,rt_embed_cos,466,199,267,True,0.6305121111173847,0.15355805243445692
L_primary,depth_bin,<=3,rt_reformalise_eq,466,199,267,True,0.5192441608793029,0.12734082397003746
L_primary,depth_bin,<=3,pilot_joint_conflict,466,199,267,True,0.512064065646585,0.04119850187265917
L_primary,depth_bin,<=3,parse_fail,466,199,267,True,0.5,0.0
L_primary,depth_bin,>=6,judge_cheap_orig,4,1,3,False,0.6666666666666667,0.0
L_primary,depth_bin,>=6,judge_cheap_disg,4,1,3,False,0.33333333333333337,0.3333333333333333
L_primary,depth_bin,>=6,judge_cheap2_disg,4,1,3,False,0.0,1.0
L_primary,depth_bin,>=6,rt_nli_min,4,1,3,False,0.33333333333333337,0.6666666666666666
L_primary,depth_bin,>=6,rt_embed_cos,4,1,3,False,0.33333333333333337,0.6666666666666666
L_primary,depth_bin,>=6,rt_reformalise_eq,4,1,3,False,0.16666666666666669,0.6666666666666666
L_primary,depth_bin,>=6,pilot_joint_conflict,4,1,3,False,0.5,0.0
L_primary,depth_bin,>=6,parse_fail,4,1,3,False,0.5,0.0
L_primary,n_cond_bin,0,judge_cheap_orig,394,182,212,True,0.7807510885341074,0.02358490566037736
L_primary,n_cond_bin,0,judge_cheap_disg,394,182,212,True,0.7830966203607713,0.12735849056603774
L_primary,n_cond_bin,0,judge_cheap2_disg,394,182,212,True,0.7560646900269541,0.2971698113207547
L_primary,n_cond_bin,0,rt_nli_min,394,182,212,True,0.7450238440804479,0.10377358490566038
L_primary,n_cond_bin,0,rt_embed_cos,394,182,212,True,0.6708739373833713,0.18396226415094338
L_primary,n_cond_bin,0,rt_reformalise_eq,394,182,212,True,0.5202933858594235,0.14622641509433962
L_primary,n_cond_bin,0,pilot_joint_conflict,394,182,212,True,0.5148766328011611,0.04716981132075472
L_primary,n_cond_bin,0,parse_fail,394,182,212,True,0.5,0.0
L_primary,n_cond_bin,1-2,judge_cheap_orig,128,48,80,False,0.6436197916666667,0.0625
L_primary,n_cond_bin,1-2,judge_cheap_disg,128,48,80,False,0.7652343749999998,0.1375
L_primary,n_cond_bin,1-2,judge_cheap2_disg,128,48,80,False,0.6414062500000001,0.1
L_primary,n_cond_bin,1-2,rt_nli_min,128,48,80,False,0.6531250000000001,0.225
L_primary,n_cond_bin,1-2,rt_embed_cos,128,48,80,False,0.61953125,0.175
L_primary,n_cond_bin,1-2,rt_reformalise_eq,128,48,80,False,0.4854166666666666,0.05
L_primary,n_cond_bin,1-2,pilot_joint_conflict,128,48,80,False,0.50625,0.05
L_primary,n_cond_bin,1-2,parse_fail,128,48,80,False,0.5,0.0
L_primary,n_cond_bin,>=3,judge_cheap_orig,2,0,2,False,,0.0
L_primary,n_cond_bin,>=3,judge_cheap_disg,2,0,2,False,,0.0
L_primary,n_cond_bin,>=3,judge_cheap2_disg,2,0,2,False,,1.0
L_primary,n_cond_bin,>=3,rt_nli_min,2,0,2,False,,1.0
L_primary,n_cond_bin,>=3,rt_embed_cos,2,0,2,False,,1.0
L_primary,n_cond_bin,>=3,rt_reformalise_eq,2,0,2,False,,1.0
L_primary,n_cond_bin,>=3,pilot_joint_conflict,2,0,2,False,,0.0
L_primary,n_cond_bin,>=3,parse_fail,2,0,2,False,,0.0
L_primary,exception,False,judge_cheap_orig,524,230,294,True,0.7488391008577343,0.034013605442176874
L_primary,exception,False,judge_cheap_disg,524,230,294,True,0.7774622892635314,0.1292517006802721
L_primary,exception,False,judge_cheap2_disg,524,230,294,True,0.7136941733215025,0.24829931972789115
L_primary,exception,False,rt_nli_min,524,230,294,True,0.7095090209997043,0.14285714285714285
L_primary,exception,False,rt_embed_cos,524,230,294,True,0.6332150251404911,0.1870748299319728
L_primary,exception,False,rt_reformalise_eq,524,230,294,True,0.5131617864537119,0.12585034013605442
L_primary,exception,False,pilot_joint_conflict,524,230,294,True,0.5131469979296066,0.047619047619047616
L_primary,exception,False,parse_fail,524,230,294,True,0.5,0.0
H_curator_view,words_bin,12-19,judge_cheap_orig,37,14,23,False,0.7857142857142857,0.043478260869565216
H_curator_view,words_bin,12-19,judge_cheap_disg,37,14,23,False,0.8649068322981367,0.17391304347826086
H_curator_view,words_bin,12-19,judge_cheap2_disg,37,14,23,False,0.5652173913043478,0.5652173913043478
H_curator_view,words_bin,12-19,rt_nli_min,37,14,23,False,0.7360248447204969,0.043478260869565216
H_curator_view,words_bin,12-19,rt_embed_cos,37,14,23,False,0.7888198757763976,0.13043478260869565
H_curator_view,words_bin,12-19,rt_reformalise_eq,37,14,23,False,0.734472049689441,0.17391304347826086
H_curator_view,words_bin,12-19,pilot_joint_conflict,37,14,23,False,0.42701863354037267,0.21739130434782608
H_curator_view,words_bin,12-19,parse_fail,37,14,23,False,0.5,0.0
H_curator_view,words_bin,<12,judge_cheap_orig,146,22,124,False,0.7784090909090909,0.04032258064516129
H_curator_view,words_bin,<12,judge_cheap_disg,146,22,124,False,0.7129765395894427,0.20967741935483872
H_curator_view,words_bin,<12,judge_cheap2_disg,146,22,124,False,0.6609237536656891,0.3870967741935484
H_curator_view,words_bin,<12,rt_nli_min,146,22,124,False,0.7587976539589444,0.10483870967741936
H_curator_view,words_bin,<12,rt_embed_cos,146,22,124,False,0.7021627565982405,0.0967741935483871
H_curator_view,words_bin,<12,rt_reformalise_eq,146,22,124,False,0.4915689149560117,0.1532258064516129
H_curator_view,words_bin,<12,pilot_joint_conflict,146,22,124,False,0.41129032258064513,0.1774193548387097
H_curator_view,words_bin,<12,parse_fail,146,22,124,False,0.5,0.0
H_curator_view,words_bin,>=20,judge_cheap_orig,16,10,6,False,0.5333333333333333,0.5
H_curator_view,words_bin,>=20,judge_cheap_disg,16,10,6,False,0.625,0.8333333333333334
H_curator_view,words_bin,>=20,judge_cheap2_disg,16,10,6,False,0.6666666666666667,0.6666666666666666
H_curator_view,words_bin,>=20,rt_nli_min,16,10,6,False,0.6166666666666667,0.3333333333333333
H_curator_view,words_bin,>=20,rt_embed_cos,16,10,6,False,0.6333333333333333,0.16666666666666666
H_curator_view,words_bin,>=20,rt_reformalise_eq,16,10,6,False,0.44999999999999996,0.5
H_curator_view,words_bin,>=20,pilot_joint_conflict,16,10,6,False,0.4166666666666667,0.16666666666666666
H_curator_view,words_bin,>=20,parse_fail,16,10,6,False,0.5,0.0
H_curator_view,n_quant_bin,0-1,judge_cheap_orig,186,36,150,False,0.8137962962962964,0.06
H_curator_view,n_quant_bin,0-1,judge_cheap_disg,186,36,150,False,0.755462962962963,0.22666666666666666
H_curator_view,n_quant_bin,0-1,judge_cheap2_disg,186,36,150,False,0.6887037037037037,0.4266666666666667
H_curator_view,n_quant_bin,0-1,rt_nli_min,186,36,150,False,0.7538888888888888,0.10666666666666667
H_curator_view,n_quant_bin,0-1,rt_embed_cos,186,36,150,False,0.7205555555555555,0.09333333333333334
H_curator_view,n_quant_bin,0-1,rt_reformalise_eq,186,36,150,False,0.6216666666666667,0.17333333333333334
H_curator_view,n_quant_bin,0-1,pilot_joint_conflict,186,36,150,False,0.4066666666666667,0.18666666666666668
H_curator_view,n_quant_bin,0-1,parse_fail,186,36,150,False,0.5,0.0
H_curator_view,n_quant_bin,2,judge_cheap_orig,10,7,3,False,0.5952380952380953,0.0
H_curator_view,n_quant_bin,2,judge_cheap_disg,10,7,3,False,0.8095238095238095,0.3333333333333333
H_curator_view,n_quant_bin,2,judge_cheap2_disg,10,7,3,False,0.6190476190476191,0.3333333333333333
H_curator_view,n_quant_bin,2,rt_nli_min,10,7,3,False,0.9523809523809524,0.0
H_curator_view,n_quant_bin,2,rt_embed_cos,10,7,3,False,0.6666666666666667,0.6666666666666666
H_curator_view,n_quant_bin,2,rt_reformalise_eq,10,7,3,False,0.5714285714285714,0.0
H_curator_view,n_quant_bin,2,pilot_joint_conflict,10,7,3,False,0.5714285714285714,0.0
H_curator_view,n_quant_bin,2,parse_fail,10,7,3,False,0.5,0.0
H_curator_view,n_quant_bin,>=3,judge_cheap_orig,3,3,0,False,,
H_curator_view,n_quant_bin,>=3,judge_cheap_disg,3,3,0,False,,
H_curator_view,n_quant_bin,>=3,judge_cheap2_disg,3,3,0,False,,
H_curator_view,n_quant_bin,>=3,rt_nli_min,3,3,0,False,,
H_curator_view,n_quant_bin,>=3,rt_embed_cos,3,3,0,False,,
H_curator_view,n_quant_bin,>=3,rt_reformalise_eq,3,3,0,False,,
H_curator_view,n_quant_bin,>=3,pilot_joint_conflict,3,3,0,False,,
H_curator_view,n_quant_bin,>=3,parse_fail,3,3,0,False,,
H_curator_view,depth_bin,4-5,judge_cheap_orig,47,16,31,False,0.7872983870967741,0.06451612903225806
H_curator_view,depth_bin,4-5,judge_cheap_disg,47,16,31,False,0.6834677419354839,0.3870967741935484
H_curator_view,depth_bin,4-5,judge_cheap2_disg,47,16,31,False,0.7681451612903226,0.3225806451612903
H_curator_view,depth_bin,4-5,rt_nli_min,47,16,31,False,0.7661290322580646,0.0967741935483871
H_curator_view,depth_bin,4-5,rt_embed_cos,47,16,31,False,0.7217741935483871,0.16129032258064516
H_curator_view,depth_bin,4-5,rt_reformalise_eq,47,16,31,False,0.6078629032258065,0.0967741935483871
H_curator_view,depth_bin,4-5,pilot_joint_conflict,47,16,31,False,0.3548387096774194,0.2903225806451613
H_curator_view,depth_bin,4-5,parse_fail,47,16,31,False,0.5,0.0
H_curator_view,depth_bin,<=3,judge_cheap_orig,138,20,118,False,0.8069915254237288,0.059322033898305086
H_curator_view,depth_bin,<=3,judge_cheap_disg,138,20,118,False,0.7531779661016949,0.1864406779661017
H_curator_view,depth_bin,<=3,judge_cheap2_disg,138,20,118,False,0.6377118644067796,0.4406779661016949
H_curator_view,depth_bin,<=3,rt_nli_min,138,20,118,False,0.7419491525423728,0.11016949152542373
H_curator_view,depth_bin,<=3,rt_embed_cos,138,20,118,False,0.6970338983050847,0.0847457627118644
H_curator_view,depth_bin,<=3,rt_reformalise_eq,138,20,118,False,0.6025423728813559,0.19491525423728814
H_curator_view,depth_bin,<=3,pilot_joint_conflict,138,20,118,False,0.4194915254237288,0.16101694915254236
H_curator_view,depth_bin,<=3,parse_fail,138,20,118,False,0.5,0.0
H_curator_view,depth_bin,>=6,judge_cheap_orig,14,10,4,False,0.7250000000000001,0.0
H_curator_view,depth_bin,>=6,judge_cheap_disg,14,10,4,False,0.8625,0.25
H_curator_view,depth_bin,>=6,judge_cheap2_disg,14,10,4,False,0.525,0.75
H_curator_view,depth_bin,>=6,rt_nli_min,14,10,4,False,0.75,0.0
H_curator_view,depth_bin,>=6,rt_embed_cos,14,10,4,False,0.775,0.25
H_curator_view,depth_bin,>=6,rt_reformalise_eq,14,10,4,False,0.65,0.0
H_curator_view,depth_bin,>=6,pilot_joint_conflict,14,10,4,False,0.55,0.0
H_curator_view,depth_bin,>=6,parse_fail,14,10,4,False,0.5,0.0
H_curator_view,n_cond_bin,0,judge_cheap_orig,146,27,119,False,0.7883597883597883,0.04201680672268908
H_curator_view,n_cond_bin,0,judge_cheap_disg,146,27,119,False,0.7314036725801432,0.21008403361344538
H_curator_view,n_cond_bin,0,judge_cheap2_disg,146,27,119,False,0.6402116402116401,0.453781512605042
H_curator_view,n_cond_bin,0,rt_nli_min,146,27,119,False,0.8070339246809834,0.06722689075630252
H_curator_view,n_cond_bin,0,rt_embed_cos,146,27,119,False,0.7374727668845317,0.08403361344537816
H_curator_view,n_cond_bin,0,rt_reformalise_eq,146,27,119,False,0.5742296918767507,0.18487394957983194
H_curator_view,n_cond_bin,0,pilot_joint_conflict,146,27,119,False,0.42436974789915966,0.15126050420168066
H_curator_view,n_cond_bin,0,parse_fail,146,27,119,False,0.5,0.0
H_curator_view,n_cond_bin,1-2,judge_cheap_orig,41,12,29,False,0.7729885057471264,0.13793103448275862
H_curator_view,n_cond_bin,1-2,judge_cheap_disg,41,12,29,False,0.8146551724137931,0.3448275862068966
H_curator_view,n_cond_bin,1-2,judge_cheap2_disg,41,12,29,False,0.7844827586206897,0.27586206896551724
H_curator_view,n_cond_bin,1-2,rt_nli_min,41,12,29,False,0.5316091954022988,0.27586206896551724
H_curator_view,n_cond_bin,1-2,rt_embed_cos,41,12,29,False,0.7413793103448276,0.20689655172413793
H_curator_view,n_cond_bin,1-2,rt_reformalise_eq,41,12,29,False,0.6810344827586207,0.13793103448275862
H_curator_view,n_cond_bin,1-2,pilot_joint_conflict,41,12,29,False,0.36925287356321834,0.3448275862068966
H_curator_view,n_cond_bin,1-2,parse_fail,41,12,29,False,0.5,0.0
H_curator_view,n_cond_bin,>=3,judge_cheap_orig,12,7,5,False,0.8857142857142857,0.0
H_curator_view,n_cond_bin,>=3,judge_cheap_disg,12,7,5,False,1.0,0.0
H_curator_view,n_cond_bin,>=3,judge_cheap2_disg,12,7,5,False,0.5714285714285714,0.6
H_curator_view,n_cond_bin,>=3,rt_nli_min,12,7,5,False,0.7142857142857143,0.0
H_curator_view,n_cond_bin,>=3,rt_embed_cos,12,7,5,False,0.8285714285714285,0.0
H_curator_view,n_cond_bin,>=3,rt_reformalise_eq,12,7,5,False,0.5714285714285714,0.0
H_curator_view,n_cond_bin,>=3,pilot_joint_conflict,12,7,5,False,0.5,0.0
H_curator_view,n_cond_bin,>=3,parse_fail,12,7,5,False,0.5,0.0
H_curator_view,exception,False,judge_cheap_orig,197,44,153,False,0.8026589423648246,0.058823529411764705
H_curator_view,exception,False,judge_cheap_disg,197,44,153,False,0.7829025549613784,0.22875816993464052
H_curator_view,exception,False,judge_cheap2_disg,197,44,153,False,0.6858288770053476,0.42483660130718953
H_curator_view,exception,False,rt_nli_min,197,44,153,False,0.7777777777777778,0.10457516339869281
H_curator_view,exception,False,rt_embed_cos,197,44,153,False,0.7557932263814616,0.10457516339869281
H_curator_view,exception,False,rt_reformalise_eq,197,44,153,False,0.5854872251931075,0.16993464052287582
H_curator_view,exception,False,pilot_joint_conflict,197,44,153,False,0.41986036838978014,0.1830065359477124
H_curator_view,exception,False,parse_fail,197,44,153,False,0.5,0.0
H_curator_view,exception,True,judge_cheap_orig,2,2,0,False,,
H_curator_view,exception,True,judge_cheap_disg,2,2,0,False,,
H_curator_view,exception,True,judge_cheap2_disg,2,2,0,False,,
H_curator_view,exception,True,rt_nli_min,2,2,0,False,,
H_curator_view,exception,True,rt_embed_cos,2,2,0,False,,
H_curator_view,exception,True,rt_reformalise_eq,2,2,0,False,,
H_curator_view,exception,True,pilot_joint_conflict,2,2,0,False,,
H_curator_view,exception,True,parse_fail,2,2,0,False,,
