group,n,parse_fail,pilot_joint_conflict,pilot_arity_incons,pilot_shape_incons,pilot_dangling,pilot_undeclared,pilot_rerun_jacc,rt_nli_min,rt_nli_fwd,rt_nli_bwd,rt_nli_contra,rt_nli_min_alt,rt_embed_cos,rt_reformalise_eq,judge_cheap_orig,judge_cheap_disg,judge_cheap2_orig,judge_cheap2_disg,judge_local_qwen8b_orig,judge_local_qwen8b_disg,judge_local_llama8b_orig,judge_local_llama8b_disg,rt_nli_min_localverb,rt_reformalise_eq_localverb
1-op,90,0.0,0.022222222222222223,0.0,0.4777777777777778,0.17777777777777778,0.03333333333333333,0.32941176470588235,0.37777777777777777,0.37777777777777777,0.3888888888888889,0.32222222222222224,0.4777777777777778,0.26666666666666666,0.1,0.2777777777777778,0.4888888888888889,0.4888888888888889,0.4666666666666667,0.26666666666666666,0.28888888888888886,0.25555555555555554,0.43333333333333335,0.36666666666666664,0.43333333333333335
2-op,140,0.0,0.10714285714285714,0.0,0.45714285714285713,0.19285714285714287,0.07142857142857142,0.47794117647058826,0.4857142857142857,0.35,0.5,0.2714285714285714,0.5571428571428572,0.32142857142857145,0.18571428571428572,0.3357142857142857,0.6,0.6071428571428571,0.6,0.35,0.39285714285714285,0.38571428571428573,0.6,0.4928571428571429,0.39285714285714285
ADD,161,0.0,0.09937888198757763,0.0,0.42857142857142855,0.18633540372670807,0.062111801242236024,0.4935897435897436,0.45962732919254656,0.3105590062111801,0.453416149068323,0.2360248447204969,0.546583850931677,0.3167701863354037,0.16149068322981366,0.2857142857142857,0.5279503105590062,0.5714285714285714,0.5590062111801242,0.30434782608695654,0.37267080745341613,0.33540372670807456,0.5403726708074534,0.45962732919254656,0.32919254658385094
BIND,10,0.0,0.0,0.0,0.3,0.4,0.0,0.4,0.3,0.2,0.3,0.3,0.4,0.2,0.1,0.3,0.7,0.6,0.8,0.3,0.2,0.2,0.5,0.3,0.6
CONN,4,0.0,0.0,0.0,1.0,0.0,0.0,0.0,0.0,0.25,0.0,0.25,0.0,0.0,0.0,0.0,0.0,0.25,0.25,0.0,0.0,0.0,0.0,0.0,1.0
DROP,154,0.0,0.1038961038961039,0.0,0.4675324675324675,0.22727272727272727,0.07792207792207792,0.4697986577181208,0.44805194805194803,0.36363636363636365,0.43506493506493504,0.24675324675324675,0.512987012987013,0.2792207792207792,0.18181818181818182,0.3181818181818182,0.5844155844155844,0.577922077922078,0.6168831168831169,0.3181818181818182,0.36363636363636365,0.36363636363636365,0.6168831168831169,0.45454545454545453,0.45454545454545453
NEG,20,0.0,0.0,0.0,0.55,0.0,0.0,0.15,0.9,1.0,1.0,1.0,1.0,0.45,0.1,1.0,1.0,0.95,0.45,1.0,0.75,0.75,0.4,0.9,0.35
QUANT,2,0.0,0.0,0.0,0.0,0.0,0.0,0.0,0.5,0.5,0.5,1.0,1.0,0.0,0.0,0.5,0.5,0.0,0.0,0.0,0.0,0.0,0.0,1.0,0.0
SWAP,15,0.0,0.0,0.0,0.5333333333333333,0.06666666666666667,0.06666666666666667,0.2857142857142857,0.26666666666666666,0.13333333333333333,0.4666666666666667,0.2,0.3333333333333333,0.3333333333333333,0.26666666666666666,0.0,0.5333333333333333,0.4,0.4,0.06666666666666667,0.2,0.26666666666666666,0.7333333333333333,0.2,0.6
