item_id,sub,parsed,J_probe_orig,J_probe_corr,J_probe_gpt4,J_gpt4_orig,orig_eq_corr
04097a27e3868505,MALLS,True,1.0,1.0,,,True
04b115e19c29230e,FOLIO-concl,True,1.0,1.0,,,True
07c8ebd03421a146,MALLS,True,0.14285714285714285,0.14285714285714285,,,False
0a14919e5e1a4944,MALLS,True,0.14285714285714285,0.14285714285714285,,,False
0a62f8bdd89be4bb,FOLIO-concl,True,0.0,0.0,0.0,0.0,False
0bcf91a512680b6a,FOLIO-concl,False,,,,0.0,True
0d1a1794e7c18628,FOLIO-concl,False,,,,,True
0de9ea588ce081f2,FOLIO-concl,True,0.0,0.0,0.0,1.0,True
0e3b45374e427d06,FOLIO-concl,False,,,,,True
0f6556532776b73c,MALLS,True,0.2727272727272727,1.0,,,False
100b46d9e56fb714,FOLIO-concl,False,,,,,True
10fc00377cff4c2f,FOLIO-concl,True,,0.0,,,False
1154094180951141,MALLS,True,0.0,0.0,,,True
127e50b861a754a7,MALLS,True,0.4,0.4,,,True
146ce7cb76d5cceb,MALLS,True,0.6,0.6,,,True
15106aeefd7f1bc6,MALLS,True,0.3333333333333333,0.3333333333333333,,,False
16f5e5cbc11b966f,FOLIO-concl,True,0.0,0.0,0.0,0.0,True
175580fad05edd42,FOLIO-concl,True,0.25,0.25,,,False
17e628eb12f16dc9,FOLIO-concl,True,0.2,0.2,0.0,0.0,True
1907c18f7ae6fea8,FOLIO-concl,False,,,,0.0,False
1a2acbed29d35a2a,MALLS,True,1.0,1.0,,,True
1bebcdee464d0740,FOLIO-concl,True,0.0,0.3333333333333333,,,False
1c3bb63ff739c8b4,MALLS,True,1.0,1.0,,,True
1d58abe87b637a8b,FOLIO-concl,True,0.5,0.5,0.2,0.5,True
1da7f3d991017f0d,FOLIO-concl,True,0.5,0.5,,,True
1e2ebca8a4751a6e,FOLIO-concl,True,1.0,1.0,0.5,0.5,False
1eede8fa2814dce5,MALLS,True,0.25,0.25,,,True
1fe3db0564f69d58,FOLIO-concl,False,,,,0.0,False
213519c2d5381b2e,FOLIO-concl,True,0.0,0.0,,,True
21c4e391306f3021,MALLS,True,0.25,0.25,,,True
224fe5cb8f1a2e76,MALLS,True,0.2222222222222222,0.2222222222222222,,,False
22ffc02a644cff54,MALLS,True,0.42857142857142855,0.42857142857142855,,,True
2408190760bb6650,MALLS,True,0.18181818181818182,0.2,,,False
24cdd47855e809cf,MALLS,True,0.14285714285714285,0.14285714285714285,,,True
2554e4074f9375f7,FOLIO-concl,False,,,,,True
262b1412888f46f3,MALLS,False,,,,,True
266f43fa734d645f,FOLIO-concl,False,,,,0.0,False
2670b181fcf660b5,FOLIO-concl,True,0.0,0.0,,,True
26cfca901099c386,MALLS,True,0.25,0.25,,,True
27cc06f75684bdf4,MALLS,True,0.42857142857142855,0.42857142857142855,,,True
294082bc28c0b6df,MALLS,True,0.25,0.25,,,True
294ae0551a1642ef,MALLS,True,1.0,1.0,,,True
2ba24e754f317cfa,MALLS,True,0.2,0.6,,,False
2c08f8cde4c13c6f,FOLIO-concl,True,,0.06666666666666667,0.0,,False
2c51598278ec69dd,FOLIO-concl,True,0.0,0.5,,,False
2c8a719a4173a4fc,MALLS,True,0.5,0.5,,,True
2f0963c8fb6e32a7,FOLIO-concl,True,0.16666666666666666,0.16666666666666666,0.0,0.3333333333333333,True
2fd4864879074301,MALLS,True,0.2,0.2,,,True
3087face63bf7002,FOLIO-concl,False,,,,1.0,True
30e2a551ad055f4e,FOLIO-concl,True,0.0,0.0,0.5,0.0,True
30f691a2144c3a58,FOLIO-concl,False,,,,1.0,True
317d2bd9fd491088,FOLIO-concl,True,0.3333333333333333,0.3333333333333333,0.3333333333333333,0.3333333333333333,True
3201b7d188b3d41a,MALLS,True,0.2,0.2,,,True
33f81059b5c39d39,MALLS,True,0.8333333333333334,0.8333333333333334,,,False
3588c010833beb2c,MALLS,True,0.3333333333333333,0.3333333333333333,,,False
363236742b90a60e,FOLIO-concl,False,,,,0.0,False
37e212efc319ea89,MALLS,True,0.16666666666666666,0.2857142857142857,,,False
389da8d5f9b997ef,MALLS,False,,,,,True
3ad81e15351fd8b9,MALLS,False,,,,,False
3afa2e6e67b530a9,FOLIO-concl,False,,,,,True
3cc5116e19b3d757,FOLIO-concl,False,,,,0.0,False
3fb02ce639290555,FOLIO-concl,True,0.2,0.2,0.0,0.3333333333333333,True
400064f6307da337,FOLIO-concl,True,1.0,1.0,1.0,1.0,True
4092293e1a92d714,MALLS,True,1.0,1.0,,,True
41719e9687874960,FOLIO-concl,True,0.0,0.0,0.0,1.0,True
42e87adcd66cd689,FOLIO-concl,False,,,,,False
43eb0123c5018047,FOLIO-concl,True,0.75,0.75,,,True
4495c937cfa20b49,FOLIO-concl,True,0.5,1.0,,,False
44a8fdb8a1c8fae9,FOLIO-concl,False,,,,,True
451a34f74864f8b5,FOLIO-concl,True,0.0,0.0,,,False
47d9e31c27e72014,MALLS,True,0.5,0.5,,,True
4902a7d0c7e59c8e,FOLIO-concl,True,,0.0,0.0,,False
491f514faffd04f9,FOLIO-concl,False,,,,,True
4934a9afe0a7b505,FOLIO-concl,False,,,,0.5,True
4b44b5146ea685ac,FOLIO-concl,True,1.0,1.0,1.0,1.0,False
4bded6b62a44c7e8,FOLIO-concl,True,0.0,0.0,0.0,0.0,True
4bfde5d37e40bc71,FOLIO-concl,True,0.0,0.0,,,True
4d7b9e4f0261da57,FOLIO-concl,True,1.0,1.0,,,True
4d860a231444b25d,MALLS,True,0.5,0.5,,,False
4ee1e5f24979ba20,FOLIO-concl,False,,,,,False
4fb01b470323cbfd,MALLS,True,0.125,0.125,,,True
5143405b44425ba2,FOLIO-concl,True,1.0,1.0,,,True
514b34cf418b9081,FOLIO-concl,True,1.0,1.0,,,True
51c4a6d115713dd2,FOLIO-concl,False,,,,0.0,False
526e787de911cac7,MALLS,False,,,,,False
52d88dd3fba5bddc,FOLIO-concl,False,,,,,False
530d98485cae9302,FOLIO-concl,False,,,,0.0,True
5345829d0f8dbafc,MALLS,True,0.6,1.0,,,False
5583ebe6df0e6deb,FOLIO-concl,True,1.0,1.0,1.0,1.0,True
55d6e25941491dd0,MALLS,True,0.5555555555555556,0.5555555555555556,,,True
56164af1f2632f55,FOLIO-concl,False,,,,0.0,True
56601ab3f4f407c9,MALLS,True,0.16666666666666666,0.0,,,False
567ddcbd050e6bcf,FOLIO-concl,True,0.0,0.0,0.5,0.0,True
56c526fdef3747b7,FOLIO-concl,True,1.0,1.0,,,True
573c3845f4c62762,FOLIO-concl,True,0.0,0.3333333333333333,0.3333333333333333,0.3333333333333333,False
583f3881fe38f372,FOLIO-concl,False,,,,0.0,True
585f3058741271f3,FOLIO-concl,True,0.25,0.25,,,True
58a5b64e65cb9980,MALLS,True,1.0,1.0,,,True
59aa0bdd29db8079,FOLIO-concl,False,,,,,False
5a52ab928c1bdc62,FOLIO-concl,True,1.0,1.0,0.0,0.0,True
5b28ab98e3024c52,FOLIO-concl,True,0.0,0.0,0.0,1.0,True
5ba1be42b04bade5,MALLS,True,1.0,1.0,,,True
5c856b09bb3d2bd9,MALLS,False,,,,,False
5e43cc4454d6b27a,MALLS,True,1.0,1.0,,,True
5e7bd96e3b1e1628,FOLIO-concl,True,0.0,0.0,,,True
5e81e1cf1f221e35,FOLIO-concl,False,,,,,False
5ecf7ab2675d20ba,FOLIO-concl,True,0.0,0.0,0.5,0.2,False
5f06bc268491233e,FOLIO-concl,True,0.0,0.0,,,False
601fbf4fb9f3b79c,FOLIO-concl,True,1.0,1.0,,,True
606e66f4d0a96a94,MALLS,True,0.16666666666666666,0.375,,,False
6088116842fc0688,FOLIO-concl,False,,,,1.0,False
62d122584bc981e8,FOLIO-concl,True,0.3333333333333333,0.3333333333333333,1.0,0.3333333333333333,True
630557fa77326e38,FOLIO-concl,False,,,,,False
63968d5b3665b4e3,FOLIO-concl,False,,,,,False
667b2a4ce7ff9629,FOLIO-concl,False,,,,,False
6692d56e6063ba47,FOLIO-concl,True,1.0,1.0,1.0,1.0,True
66c741791a8a669b,FOLIO-concl,True,0.0,0.0,,,False
67879e0e6080de20,FOLIO-concl,True,,0.5,,,False
67e9bb69d05f4b81,MALLS,True,0.2,0.2,,,True
68215c993cc8a9ab,FOLIO-concl,False,,,,,False
69234c963e2f38ce,FOLIO-concl,True,0.25,0.25,,,True
69d9673c17b24615,FOLIO-concl,True,0.25,0.25,,,False
6a9a43f780a923e2,FOLIO-concl,False,,,,0.0,True
6acf25903f1a3f09,FOLIO-concl,True,0.0,0.0,,,True
6bf5b07f981a3ac7,FOLIO-concl,False,,,,0.5,False
6dcc386c681ba8b1,FOLIO-concl,True,0.2,0.2,,,True
6de1df6705b64ff5,FOLIO-concl,False,,,,,False
6e8245c13515181a,FOLIO-concl,True,0.3333333333333333,0.3333333333333333,0.0,0.0,True
6f12f09d656d4c61,FOLIO-concl,True,,0.0,0.0,,False
7064b419dddc5392,MALLS,True,0.6,0.6,,,False
706a0173e969a947,FOLIO-concl,False,,,,0.5,True
72adf1fe8f663fca,FOLIO-concl,False,,,,0.0,False
72b0aff0b093dfad,FOLIO-concl,False,,,,,True
74dc83e45d6496b5,MALLS,True,0.5,0.5,,,True
7502fa405935351c,FOLIO-concl,True,1.0,1.0,,,True
75c7b940db32154a,FOLIO-concl,True,1.0,1.0,1.0,1.0,True
76af147aa59bcd9d,MALLS,True,0.2727272727272727,0.2727272727272727,,,False
783961d79bfc2481,FOLIO-concl,True,0.0,0.0,0.0,0.0,True
7877eaeb3486f959,FOLIO-concl,True,1.0,1.0,1.0,1.0,True
79f720443b1fbdd5,MALLS,False,,,,,False
7b61ca8c13c07465,FOLIO-concl,True,0.2,0.2,,,False
7b7fc4b7ab84b69e,FOLIO-concl,False,,,,0.25,True
7bb151ccb7cd045b,FOLIO-concl,True,0.0,0.0,1.0,0.0,True
7e27123449f6352c,FOLIO-concl,True,1.0,1.0,1.0,1.0,True
7e7d9f0653f7bf6a,FOLIO-concl,True,0.2,0.2,,,True
7f33b61eed982e93,FOLIO-concl,False,,,,,False
7f7c3f74974e3dbe,FOLIO-concl,True,0.3333333333333333,0.3333333333333333,1.0,0.3333333333333333,True
7fe3c34016f4a1cf,FOLIO-concl,False,,,,,False
806b44174c489bba,FOLIO-concl,True,1.0,1.0,1.0,1.0,True
8155085605c062a3,FOLIO-concl,True,0.3333333333333333,0.3333333333333333,0.3333333333333333,1.0,True
81f58246e2dd43f7,MALLS,True,0.16666666666666666,0.16666666666666666,,,False
821429f057c5de5f,FOLIO-concl,False,,,,,False
8258ef98a2028b5f,FOLIO-concl,True,0.5,0.5,,,True
8460295a81c9d88a,FOLIO-concl,True,1.0,1.0,1.0,1.0,True
84c3b483142ac868,MALLS,True,0.375,0.3333333333333333,,,False
84cca41149d5a3da,FOLIO-concl,False,,,,,False
8511c593026c040d,MALLS,False,,,,,True
856006e2986cf7cf,FOLIO-concl,False,,,,,True
85e9cc42a1225824,MALLS,True,0.75,0.75,,,True
86188e7736e9d137,FOLIO-concl,True,1.0,1.0,1.0,1.0,True
86c22a8412ed198c,MALLS,True,1.0,1.0,,,False
87810a212d282ec4,FOLIO-concl,True,0.0,0.0,,,True
8818cda29a641e50,MALLS,True,1.0,1.0,,,True
88dc8fd900794b8c,MALLS,True,0.3333333333333333,0.3333333333333333,,,True
8d2f198b9fa5b401,MALLS,True,1.0,1.0,,,False
8e1742fcf28eaa2b,FOLIO-concl,True,1.0,1.0,,,True
8e7a2663be76e028,FOLIO-concl,True,1.0,1.0,0.0,0.0,True
8f314a8ebc924b2d,FOLIO-concl,True,0.0,0.0,,,True
8f5497c7714f8f66,MALLS,True,0.125,0.125,,,False
905340e05be89d00,MALLS,False,,,,,True
90782f7e9709a29d,FOLIO-concl,True,,0.0,0.0,,False
939138fd189fee35,FOLIO-concl,True,0.0,0.0,0.5,0.0,True
9544c20ab1b46c8f,MALLS,True,0.875,0.7777777777777778,,,False
962f52fc45fed421,FOLIO-concl,True,0.14285714285714285,0.125,,,False
97324e7342c5fb7d,MALLS,True,0.2222222222222222,0.2222222222222222,,,True
97487abd47d8e3bf,FOLIO-concl,True,1.0,1.0,,,True
97e82c86e3486d43,MALLS,True,0.16666666666666666,0.16666666666666666,,,True
997302fbb1d06b43,FOLIO-concl,True,0.25,0.25,,,True
9af12094235e41af,MALLS,False,,,,,True
9b5a23bca168457f,MALLS,True,0.3333333333333333,0.3333333333333333,,,False
9c5230433eac64e6,MALLS,True,0.2,0.2,,,True
9d95e5ae7bff07df,FOLIO-concl,True,0.0,0.0,,,False
9f99a13ecb9ea222,MALLS,True,0.6,0.6,,,True
a0ccbee3e879ad6e,FOLIO-concl,True,1.0,1.0,,,True
a1c7e8fb0f894a00,FOLIO-concl,True,1.0,1.0,1.0,1.0,True
a2f78e5637fe6187,FOLIO-concl,True,,1.0,0.0,,False
a30243d7d915fcd1,MALLS,True,0.3333333333333333,0.3,,,False
a3228384057ec0e4,FOLIO-concl,False,,,,,True
a3e211bb9089bc56,FOLIO-concl,True,0.3333333333333333,0.3333333333333333,0.0,0.0,True
a4178fa0bef1246e,FOLIO-concl,True,0.3333333333333333,0.3333333333333333,,,True
a5837f7bdfa3399d,MALLS,True,1.0,1.0,,,True
a63c012f185f141d,MALLS,True,1.0,1.0,,,True
a7e1206ee10177a1,MALLS,True,0.6666666666666666,0.6666666666666666,,,False
a8166fcbfd516845,MALLS,True,0.3,0.3,,,False
a8954bdcf34ba855,FOLIO-concl,True,0.0,1.0,1.0,0.0,False
acf2aa65a2bd2c9d,FOLIO-concl,True,0.16666666666666666,0.16666666666666666,0.0,0.3333333333333333,True
adbd94e47244aa2e,MALLS,False,,,,,True
ae2fd0f10965981b,FOLIO-concl,True,0.16666666666666666,0.16666666666666666,0.125,0.3333333333333333,False
aee58a5a519d8c67,FOLIO-concl,True,1.0,1.0,1.0,1.0,True
af149a74b41bc87d,FOLIO-concl,True,0.0,0.0,1.0,0.0,True
b04e57d32e814422,FOLIO-concl,True,0.0,0.0,,,False
b1cb29d28e70096d,MALLS,True,0.3333333333333333,0.3333333333333333,,,False
b256e2ccb2e67e7b,MALLS,True,0.375,0.42857142857142855,,,False
b48f481d9a8f6930,FOLIO-concl,True,0.3333333333333333,0.3333333333333333,1.0,0.3333333333333333,True
b4ceebbb3c31186a,FOLIO-concl,True,0.0,0.0,,,True
b4e7935dcf8293f7,FOLIO-concl,False,,,,,True
b528d0e9390dc105,MALLS,True,0.42857142857142855,0.42857142857142855,,,True
b567bb6d99951d7d,FOLIO-concl,True,0.3333333333333333,1.0,,,False
b8da0674d75d288d,FOLIO-concl,True,0.3333333333333333,0.3333333333333333,0.0,0.25,True
ba8aea108a073299,FOLIO-concl,True,0.0,0.0,,,True
bb151b00a04a74cd,MALLS,False,,,,,False
bbb52f0c2e6fd480,FOLIO-concl,False,,,,,False
bc29d29eefd739a7,MALLS,True,1.0,1.0,,,True
bc6e00a30f5321a0,FOLIO-concl,True,0.4,0.4,,,True
be75a91514980aff,MALLS,True,1.0,1.0,,,True
bfd8e34a514bb3e7,MALLS,True,0.5,0.5,,,True
bfe1754fc03ffc7e,FOLIO-concl,False,,,,,False
c0acecdfa5b15fa1,FOLIO-concl,False,,,,,False
c1fd04d919bc00f6,FOLIO-concl,True,0.0,0.0,0.5,0.0,True
c31d6afd70350ce0,MALLS,True,0.3333333333333333,0.3333333333333333,,,True
c59f6ec6f8b59f10,FOLIO-concl,True,1.0,1.0,1.0,1.0,True
c66057d6c02f3f77,MALLS,False,,,,,True
c6d6cfd5cf99eed4,FOLIO-concl,True,0.5,0.5,,,True
c8bdee6e5ca217a6,FOLIO-concl,True,0.3333333333333333,0.3333333333333333,,,True
c92451326bd575fd,MALLS,True,0.2222222222222222,0.2222222222222222,,,True
c97a361e11ad030c,FOLIO-concl,False,,,,0.0,True
c9df8f15be8c4462,MALLS,True,0.75,0.75,,,False
ca7847e56e833d18,FOLIO-concl,False,,,,,False
cc91f45049c60727,FOLIO-concl,True,0.0,0.0,,,True
ccff0aa5c196bab5,FOLIO-concl,True,0.0,0.0,0.0,0.0,True
cd1e260ee6656d18,MALLS,True,0.5,0.5,,,False
ced459ee3f366260,FOLIO-concl,True,1.0,1.0,0.5,0.5,True
cf1072d03c9dca90,FOLIO-concl,True,0.0,0.0,,,False
cf34092fa49570a2,FOLIO-concl,False,,,,,True
d0a227aeda9a4b56,MALLS,True,1.0,1.0,,,False
d1a452bdb4677cc6,FOLIO-concl,True,0.0,0.0,,,True
d1dd624ffedba52f,MALLS,True,0.25,0.25,,,True
d1f08f57d31e9a79,FOLIO-concl,True,0.0,0.0,,,True
d23868c2a3084885,FOLIO-concl,False,,,,0.0,True
d24d5d45554032a9,FOLIO-concl,True,0.25,0.6666666666666666,,,False
d2cf1c3214a76b9c,MALLS,True,0.0,0.0,,,True
d2d90301bb87736e,FOLIO-concl,False,,,,,True
d5e3b67c604474af,FOLIO-concl,True,1.0,1.0,1.0,1.0,True
d6064472e1a22ed3,FOLIO-concl,False,,,,1.0,True
d6b80606b2f4054e,FOLIO-concl,True,0.3333333333333333,0.3333333333333333,,,True
d83f2a58fa8e8940,FOLIO-concl,True,0.0,0.0,,,False
d8485ada377553c0,FOLIO-concl,False,,,,0.4,True
d873519fe5b6a02d,FOLIO-concl,True,0.5,0.5,0.5,1.0,True
d97232a2380ef168,MALLS,True,0.6,0.6,,,True
dc4e08dee04ee9b5,MALLS,True,1.0,1.0,,,True
dca9063edb798e3d,FOLIO-concl,True,0.0,1.0,1.0,0.0,False
dcc53700b41cdeb8,FOLIO-concl,False,,,,0.5,True
dcf1e6a4ec97a758,MALLS,True,0.0,0.0,,,False
dd8aef209eb24b68,FOLIO-concl,True,1.0,1.0,1.0,1.0,True
df21b98872a36f07,FOLIO-concl,True,0.0,0.0,0.0,0.0,True
df30e8af420bd44a,FOLIO-concl,True,0.0,0.0,,,True
df381377802c5f85,FOLIO-concl,False,,,,,False
dfbcdc0d66ea0847,FOLIO-concl,False,,,,0.4,True
dfcd9d459f7fe5a3,FOLIO-concl,True,0.0,0.0,0.0,0.0,False
e02f5ba461059732,FOLIO-concl,False,,,,,True
e1d18526250374cd,FOLIO-concl,True,1.0,1.0,,,True
e1ffb6ca8c8a0514,MALLS,True,0.06666666666666667,0.0625,,,False
e2033afcdef60bce,FOLIO-concl,True,1.0,1.0,1.0,1.0,True
e3c9c310d41d6561,MALLS,True,0.5714285714285714,0.5714285714285714,,,True
e4de0ddee352cad2,FOLIO-concl,False,,,,1.0,False
e6ca891cde8b49ef,FOLIO-concl,True,0.0,0.0,1.0,0.0,True
e758105c8c9c997d,FOLIO-concl,False,,,,,False
e89e5db7b82ea7e5,FOLIO-concl,True,0.2,0.2,0.25,0.6666666666666666,False
e937220d24076da3,FOLIO-concl,False,,,,,True
e97a3c1ab8bc9d87,MALLS,True,0.42857142857142855,0.42857142857142855,,,True
ea56ff44a8929d3e,FOLIO-concl,True,0.0,0.0,,,True
ebba13daa1e5a4f2,FOLIO-concl,True,0.4,0.14285714285714285,,,False
ed89e121c39a1b1e,FOLIO-concl,True,0.0,0.0,0.0,1.0,True
eeae0b52410a2313,MALLS,True,0.3333333333333333,0.3333333333333333,,,False
eef9c4e3f92ffdd9,FOLIO-concl,True,1.0,1.0,1.0,1.0,True
ef79a2e9b7846d63,FOLIO-concl,True,0.5,0.3333333333333333,,,False
f1bb0099b9edae88,FOLIO-concl,True,0.0,0.0,0.0,1.0,False
f21f3de7a112e3c5,FOLIO-concl,False,,,,,False
f2b61ea5c2459378,FOLIO-concl,True,0.3333333333333333,0.3333333333333333,,,True
f2c835469d43fa01,FOLIO-concl,False,,,,,False
f4885279c5644721,FOLIO-concl,True,0.5,0.5,0.0,0.0,True
f6b09aa44c35830f,MALLS,True,0.2,0.2,,,True
f6dfa3ce9148f279,FOLIO-concl,True,0.5,0.5,,,True
f7bdb38578b7dff4,FOLIO-concl,True,1.0,1.0,1.0,1.0,True
f7cb96e2966c724c,MALLS,True,0.0,0.0,,,True
f9710be85ee9f383,FOLIO-concl,True,0.0,0.0,,,False
fa084d4b6d67e8de,FOLIO-concl,False,,,,,True
fac370180efa2d3d,FOLIO-concl,True,0.0,0.0,0.0,0.0,True
fbcde5fc73ce89de,FOLIO-concl,True,0.14285714285714285,0.125,,,False
fce3f5f109a70536,MALLS,True,0.375,0.375,,,False
fd3e6367d78a1013,MALLS,False,,,,,False
ff3a3cbbfd714db4,FOLIO-concl,True,0.0,0.0,,,False
ff81a14667b289db,FOLIO-concl,False,,,,0.0,False
ffc6557904f49231,FOLIO-concl,True,0.25,0.25,,,True
