typer,true_operator,predicted,n
medoid_align,ADD,ADD,182
medoid_align,ADD,ADD+ADD,4
medoid_align,ADD,ADD+BIND,2
medoid_align,ADD,ADD+CONN,4
medoid_align,ADD,ADD+DROP,4
medoid_align,ADD,CONN,19
medoid_align,ADD,CONN+NEG,2
medoid_align,ADD,NEG,1
medoid_align,ADD,UNREPAIRABLE,254
medoid_align,BIND,ADD,1
medoid_align,BIND,ADD+BIND,4
medoid_align,BIND,ADD+DROP,6
medoid_align,BIND,BIND,131
medoid_align,BIND,BIND+BIND,1
medoid_align,BIND,BIND+CONN,3
medoid_align,BIND,BIND+DROP,5
medoid_align,BIND,UNREPAIRABLE,163
medoid_align,CONN,ADD,2
medoid_align,CONN,ADD+CONN,6
medoid_align,CONN,ADD+DROP,1
medoid_align,CONN,BIND+CONN,4
medoid_align,CONN,CONN,136
medoid_align,CONN,CONN+CONN,3
medoid_align,CONN,CONN+DROP,4
medoid_align,CONN,MOVE,2
medoid_align,CONN,NEG,1
medoid_align,CONN,UNREPAIRABLE,168
medoid_align,DROP,ADD+DROP,1
medoid_align,DROP,BIND+DROP,1
medoid_align,DROP,CONN+DROP,13
medoid_align,DROP,DROP,35
medoid_align,DROP,DROP+DROP,5
medoid_align,DROP,MEANING_RENAME,3
medoid_align,DROP,UNREPAIRABLE,133
medoid_align,MEANING_RENAME,ADD,5
medoid_align,MEANING_RENAME,ADD+DROP,80
medoid_align,MEANING_RENAME,UNREPAIRABLE,233
medoid_align,MOVE,CONN,1
medoid_align,MOVE,MOVE+MOVE,1
medoid_align,MOVE,UNREPAIRABLE,4
medoid_align,NEG,ADD+CONN,1
medoid_align,NEG,ADD+DROP,2
medoid_align,NEG,ADD+NEG,8
medoid_align,NEG,BIND+CONN,1
medoid_align,NEG,BIND+NEG,1
medoid_align,NEG,CONN,37
medoid_align,NEG,CONN+CONN,2
medoid_align,NEG,CONN+DROP,2
medoid_align,NEG,CONN+MOVE,2
medoid_align,NEG,CONN+NEG,3
medoid_align,NEG,DROP+NEG,3
medoid_align,NEG,NEG,133
medoid_align,NEG,UNREPAIRABLE,184
medoid_align,QUANT,ADD+QUANT,5
medoid_align,QUANT,BIND+QUANT,3
medoid_align,QUANT,CONN+NEG,2
medoid_align,QUANT,CONN+QUANT,2
medoid_align,QUANT,DROP+QUANT,3
medoid_align,QUANT,QUANT,75
medoid_align,QUANT,UNREPAIRABLE,89
medoid_align,RESTR,ADD+CONN,1
medoid_align,RESTR,ADD+RESTR,5
medoid_align,RESTR,BIND+RESTR,2
medoid_align,RESTR,CONN,2
medoid_align,RESTR,CONN+MOVE,1
medoid_align,RESTR,CONN+RESTR,2
medoid_align,RESTR,DROP+RESTR,3
medoid_align,RESTR,RESTR,74
medoid_align,RESTR,UNREPAIRABLE,87
medoid_align,REV,ADD+CONN,1
medoid_align,REV,ADD+REV,5
medoid_align,REV,BIND+REV,2
medoid_align,REV,CONN,2
medoid_align,REV,CONN+REV,2
medoid_align,REV,DROP+REV,3
medoid_align,REV,MOVE,1
medoid_align,REV,REV,74
medoid_align,REV,UNREPAIRABLE,89
medoid_align,SWAP,ADD+DROP,5
medoid_align,SWAP,BIND+SWAP,2
medoid_align,SWAP,CONN+SWAP,1
medoid_align,SWAP,DROP+SWAP,4
medoid_align,SWAP,SWAP,43
medoid_align,SWAP,UNREPAIRABLE,61
medoid_hyb,ADD,ADD,176
medoid_hyb,ADD,ADD+ADD,4
medoid_hyb,ADD,ADD+BIND,2
medoid_hyb,ADD,ADD+CONN,4
medoid_hyb,ADD,ADD+DROP,5
medoid_hyb,ADD,CONN,19
medoid_hyb,ADD,UNREPAIRABLE,262
medoid_hyb,BIND,ADD,1
medoid_hyb,BIND,ADD+BIND,4
medoid_hyb,BIND,ADD+DROP,5
medoid_hyb,BIND,BIND,128
medoid_hyb,BIND,BIND+BIND,1
medoid_hyb,BIND,BIND+CONN,3
medoid_hyb,BIND,BIND+DROP,5
medoid_hyb,BIND,UNREPAIRABLE,167
medoid_hyb,CONN,ADD,2
medoid_hyb,CONN,ADD+CONN,5
medoid_hyb,CONN,ADD+DROP,2
medoid_hyb,CONN,BIND+CONN,4
medoid_hyb,CONN,CONN,130
medoid_hyb,CONN,CONN+CONN,3
medoid_hyb,CONN,CONN+DROP,4
medoid_hyb,CONN,MOVE,2
medoid_hyb,CONN,NEG,1
medoid_hyb,CONN,UNREPAIRABLE,174
medoid_hyb,DROP,ADD+DROP,1
medoid_hyb,DROP,BIND+DROP,1
medoid_hyb,DROP,CONN+DROP,12
medoid_hyb,DROP,DROP,34
medoid_hyb,DROP,DROP+DROP,5
medoid_hyb,DROP,MEANING_RENAME,2
medoid_hyb,DROP,UNREPAIRABLE,136
medoid_hyb,MEANING_RENAME,ADD,4
medoid_hyb,MEANING_RENAME,ADD+DROP,76
medoid_hyb,MEANING_RENAME,UNREPAIRABLE,238
medoid_hyb,MOVE,CONN,1
medoid_hyb,MOVE,MOVE+MOVE,1
medoid_hyb,MOVE,UNREPAIRABLE,4
medoid_hyb,NEG,ADD+DROP,2
medoid_hyb,NEG,ADD+NEG,7
medoid_hyb,NEG,BIND+CONN,1
medoid_hyb,NEG,BIND+NEG,1
medoid_hyb,NEG,CONN,35
medoid_hyb,NEG,CONN+CONN,1
medoid_hyb,NEG,CONN+DROP,2
medoid_hyb,NEG,CONN+MOVE,2
medoid_hyb,NEG,CONN+NEG,3
medoid_hyb,NEG,DROP+NEG,3
medoid_hyb,NEG,NEG,129
medoid_hyb,NEG,UNREPAIRABLE,193
medoid_hyb,QUANT,ADD+QUANT,4
medoid_hyb,QUANT,BIND+QUANT,3
medoid_hyb,QUANT,CONN+NEG,2
medoid_hyb,QUANT,CONN+QUANT,1
medoid_hyb,QUANT,DROP+QUANT,3
medoid_hyb,QUANT,QUANT,72
medoid_hyb,QUANT,UNREPAIRABLE,94
medoid_hyb,RESTR,ADD+CONN,1
medoid_hyb,RESTR,ADD+RESTR,4
medoid_hyb,RESTR,BIND+RESTR,2
medoid_hyb,RESTR,CONN,2
medoid_hyb,RESTR,CONN+MOVE,1
medoid_hyb,RESTR,CONN+RESTR,1
medoid_hyb,RESTR,DROP+RESTR,3
medoid_hyb,RESTR,RESTR,71
medoid_hyb,RESTR,UNREPAIRABLE,92
medoid_hyb,REV,ADD+CONN,1
medoid_hyb,REV,ADD+REV,4
medoid_hyb,REV,BIND+REV,2
medoid_hyb,REV,CONN,2
medoid_hyb,REV,CONN+REV,1
medoid_hyb,REV,DROP+REV,3
medoid_hyb,REV,MOVE,1
medoid_hyb,REV,REV,71
medoid_hyb,REV,UNREPAIRABLE,94
medoid_hyb,SWAP,ADD+DROP,4
medoid_hyb,SWAP,BIND+SWAP,2
medoid_hyb,SWAP,CONN+SWAP,2
medoid_hyb,SWAP,DROP+SWAP,4
medoid_hyb,SWAP,SWAP,42
medoid_hyb,SWAP,UNREPAIRABLE,62
oracle,ADD,ADD,445
oracle,ADD,CONN,31
oracle,BIND,BIND,317
oracle,BIND,UNREPAIRABLE,1
oracle,CONN,CONN,329
oracle,CONN,NEG,1
oracle,DROP,CONN+DROP,17
oracle,DROP,DROP,94
oracle,DROP,DROP+DROP,9
oracle,DROP,UNREPAIRABLE,72
oracle,MEANING_RENAME,ADD+DROP,139
oracle,MEANING_RENAME,UNREPAIRABLE,183
oracle,MOVE,MOVE+MOVE,2
oracle,MOVE,UNREPAIRABLE,4
oracle,NEG,ADD,1
oracle,NEG,CONN,69
oracle,NEG,NEG,313
oracle,QUANT,QUANT,181
oracle,RESTR,RESTR,179
oracle,REV,MOVE,2
oracle,REV,REV,179
oracle,SWAP,SWAP,120
